Workbook

Sheet DASHBOARD
A1: DASHBOARD — CAPACIDADE PRODUTIVA | CALDEIRARIA E USINAGEM
B3: Cenário: | C3: Atual | F3: Verde = suficiente | Amarelo = atenção | Vermelho = insuficiente (limites em PARAMETROS C6:C7)
B4: Filtro família: | C4: TODAS
B7: Capacidade disponível (h) | C7: Carga planejada (h) | D7: Utilização | E7: Horas excedentes (h) | F7: Horas ociosas (h) | G7: Func. necessários | H7: Func. disponíveis | I7: Horas extras necessárias (h) | J7: Sogyodo
B8: =SUMPRODUCT($J$13:$J$27,$E$13:$E$27) | C8: =SUMPRODUCT($J$13:$J$27,$F$13:$F$27) | D8: =IF(B8>0,C8/B8,0) | E8: =SUMPRODUCT($J$13:$J$27*($H$13:$H$27<0)*(-$H$13:$H$27)) | F8: =SUMPRODUCT($J$13:$J$27*($H$13:$H$27>0)*$H$13:$H$27) | G8: =H8+SUMPRODUCT($J$13:$J$27,$K$13:$K$27) | H8: =SUMPRODUCT($J$13:$J$27,$D$13:$D$27) | I8: =E8 | J8: =IF(PARAMETROS!$C$8="Nominal",IF(SUMPRODUCT($J$13:$J$27,$L$13:$L$27)>0,C8/SUMPRODUCT($J$13:$J$27,$L$13:$L$27),0),D8)
B9: USINAGEM — capacidade (h) | C9: USINAGEM — carga (h) | D9: USINAGEM — utilização | E9: USINAGEM — horas excedentes (h) | F9: USINAGEM — horas ociosas (h) | G9: USINAGEM — máquinas insuficientes | H9: USINAGEM — máquinas em atenção | I9: USINAGEM — horas extras necessárias (h) | J9: USINAGEM — Sogyodo
B10: =SUM($E$31:$E$36) | C10: =SUM($F$31:$F$36) | D10: =IF(B10>0,C10/B10,0) | E10: =SUMPRODUCT(($H$31:$H$36<0)*(-$H$31:$H$36)) | F10: =SUMPRODUCT(($H$31:$H$36>0)*$H$31:$H$36) | G10: =COUNTIF($I$31:$I$36,"INSUFICIENTE") | H10: =COUNTIF($I$31:$I$36,"ATENÇÃO") | I10: =E10 | J10: =IF(PARAMETROS!$C$8="Nominal",D10*INDEX(PARAMETROS!$C$23:$F$23,PARAMETROS!$C$9)*INDEX(PARAMETROS!$C$24:$F$24,PARAMETROS!$C$9),D10)
A11: CARGA × CAPACIDADE POR CÉLULA
A12: # | B12: Célula | C12: Família | D12: Func. | E12: Capacidade (h) | F12: Carga (h) | G12: Utilização | H12: Saldo (h) | I12: Status | J12: Filtro | K12: Func. adic. | L12: Cap. nominal (h) | M12: Chave
A13: 1 | B13: =INDEX(CAP_CELULA!$C$6:$C$65,(PARAMETROS!$C$9-1)*15+1) | C13: =INDEX(CAP_CELULA!$D$6:$D$65,(PARAMETROS!$C$9-1)*15+1) | D13: =INDEX(CAP_CELULA!$E$6:$E$65,(PARAMETROS!$C$9-1)*15+1) | E13: =INDEX(CAP_CELULA!$G$6:$G$65,(PARAMETROS!$C$9-1)*15+1) | F13: =INDEX(CAP_CELULA!$I$6:$I$65,(PARAMETROS!$C$9-1)*15+1) | G13: =INDEX(CAP_CELULA!$J$6:$J$65,(PARAMETROS!$C$9-1)*15+1) | H13: =INDEX(CAP_CELULA!$K$6:$K$65,(PARAMETROS!$C$9-1)*15+1) | I13: =INDEX(CAP_CELULA!$Q$6:$Q$65,(PARAMETROS!$C$9-1)*15+1) | J13: =IF(B13="",0,IF(OR($C$4="TODAS",C13=$C$4),1,0)) | K13: =INDEX(CAP_CELULA!$O$6:$O$65,(PARAMETROS!$C$9-1)*15+1) | L13: =INDEX(CAP_CELULA!$F$6:$F$65,(PARAMETROS!$C$9-1)*15+1) | M13: =J13*G13+1/10000000
A14: 2 | B14: =INDEX(CAP_CELULA!$C$6:$C$65,(PARAMETROS!$C$9-1)*15+2) | C14: =INDEX(CAP_CELULA!$D$6:$D$65,(PARAMETROS!$C$9-1)*15+2) | D14: =INDEX(CAP_CELULA!$E$6:$E$65,(PARAMETROS!$C$9-1)*15+2) | E14: =INDEX(CAP_CELULA!$G$6:$G$65,(PARAMETROS!$C$9-1)*15+2) | F14: =INDEX(CAP_CELULA!$I$6:$I$65,(PARAMETROS!$C$9-1)*15+2) | G14: =INDEX(CAP_CELULA!$J$6:$J$65,(PARAMETROS!$C$9-1)*15+2) | H14: =INDEX(CAP_CELULA!$K$6:$K$65,(PARAMETROS!$C$9-1)*15+2) | I14: =INDEX(CAP_CELULA!$Q$6:$Q$65,(PARAMETROS!$C$9-1)*15+2) | J14: =IF(B14="",0,IF(OR($C$4="TODAS",C14=$C$4),1,0)) | K14: =INDEX(CAP_CELULA!$O$6:$O$65,(PARAMETROS!$C$9-1)*15+2) | L14: =INDEX(CAP_CELULA!$F$6:$F$65,(PARAMETROS!$C$9-1)*15+2) | M14: =J14*G14+2/10000000
A15: 3 | B15: =INDEX(CAP_CELULA!$C$6:$C$65,(PARAMETROS!$C$9-1)*15+3) | C15: =INDEX(CAP_CELULA!$D$6:$D$65,(PARAMETROS!$C$9-1)*15+3) | D15: =INDEX(CAP_CELULA!$E$6:$E$65,(PARAMETROS!$C$9-1)*15+3) | E15: =INDEX(CAP_CELULA!$G$6:$G$65,(PARAMETROS!$C$9-1)*15+3) | F15: =INDEX(CAP_CELULA!$I$6:$I$65,(PARAMETROS!$C$9-1)*15+3) | G15: =INDEX(CAP_CELULA!$J$6:$J$65,(PARAMETROS!$C$9-1)*15+3) | H15: =INDEX(CAP_CELULA!$K$6:$K$65,(PARAMETROS!$C$9-1)*15+3) | I15: =INDEX(CAP_CELULA!$Q$6:$Q$65,(PARAMETROS!$C$9-1)*15+3) | J15: =IF(B15="",0,IF(OR($C$4="TODAS",C15=$C$4),1,0)) | K15: =INDEX(CAP_CELULA!$O$6:$O$65,(PARAMETROS!$C$9-1)*15+3) | L15: =INDEX(CAP_CELULA!$F$6:$F$65,(PARAMETROS!$C$9-1)*15+3) | M15: =J15*G15+3/10000000
A16: 4 | B16: =INDEX(CAP_CELULA!$C$6:$C$65,(PARAMETROS!$C$9-1)*15+4) | C16: =INDEX(CAP_CELULA!$D$6:$D$65,(PARAMETROS!$C$9-1)*15+4) | D16: =INDEX(CAP_CELULA!$E$6:$E$65,(PARAMETROS!$C$9-1)*15+4) | E16: =INDEX(CAP_CELULA!$G$6:$G$65,(PARAMETROS!$C$9-1)*15+4) | F16: =INDEX(CAP_CELULA!$I$6:$I$65,(PARAMETROS!$C$9-1)*15+4) | G16: =INDEX(CAP_CELULA!$J$6:$J$65,(PARAMETROS!$C$9-1)*15+4) | H16: =INDEX(CAP_CELULA!$K$6:$K$65,(PARAMETROS!$C$9-1)*15+4) | I16: =INDEX(CAP_CELULA!$Q$6:$Q$65,(PARAMETROS!$C$9-1)*15+4) | J16: =IF(B16="",0,IF(OR($C$4="TODAS",C16=$C$4),1,0)) | K16: =INDEX(CAP_CELULA!$O$6:$O$65,(PARAMETROS!$C$9-1)*15+4) | L16: =INDEX(CAP_CELULA!$F$6:$F$65,(PARAMETROS!$C$9-1)*15+4) | M16: =J16*G16+4/10000000
A17: 5 | B17: =INDEX(CAP_CELULA!$C$6:$C$65,(PARAMETROS!$C$9-1)*15+5) | C17: =INDEX(CAP_CELULA!$D$6:$D$65,(PARAMETROS!$C$9-1)*15+5) | D17: =INDEX(CAP_CELULA!$E$6:$E$65,(PARAMETROS!$C$9-1)*15+5) | E17: =INDEX(CAP_CELULA!$G$6:$G$65,(PARAMETROS!$C$9-1)*15+5) | F17: =INDEX(CAP_CELULA!$I$6:$I$65,(PARAMETROS!$C$9-1)*15+5) | G17: =INDEX(CAP_CELULA!$J$6:$J$65,(PARAMETROS!$C$9-1)*15+5) | H17: =INDEX(CAP_CELULA!$K$6:$K$65,(PARAMETROS!$C$9-1)*15+5) | I17: =INDEX(CAP_CELULA!$Q$6:$Q$65,(PARAMETROS!$C$9-1)*15+5) | J17: =IF(B17="",0,IF(OR($C$4="TODAS",C17=$C$4),1,0)) | K17: =INDEX(CAP_CELULA!$O$6:$O$65,(PARAMETROS!$C$9-1)*15+5) | L17: =INDEX(CAP_CELULA!$F$6:$F$65,(PARAMETROS!$C$9-1)*15+5) | M17: =J17*G17+5/10000000
A18: 6 | B18: =INDEX(CAP_CELULA!$C$6:$C$65,(PARAMETROS!$C$9-1)*15+6) | C18: =INDEX(CAP_CELULA!$D$6:$D$65,(PARAMETROS!$C$9-1)*15+6) | D18: =INDEX(CAP_CELULA!$E$6:$E$65,(PARAMETROS!$C$9-1)*15+6) | E18: =INDEX(CAP_CELULA!$G$6:$G$65,(PARAMETROS!$C$9-1)*15+6) | F18: =INDEX(CAP_CELULA!$I$6:$I$65,(PARAMETROS!$C$9-1)*15+6) | G18: =INDEX(CAP_CELULA!$J$6:$J$65,(PARAMETROS!$C$9-1)*15+6) | H18: =INDEX(CAP_CELULA!$K$6:$K$65,(PARAMETROS!$C$9-1)*15+6) | I18: =INDEX(CAP_CELULA!$Q$6:$Q$65,(PARAMETROS!$C$9-1)*15+6) | J18: =IF(B18="",0,IF(OR($C$4="TODAS",C18=$C$4),1,0)) | K18: =INDEX(CAP_CELULA!$O$6:$O$65,(PARAMETROS!$C$9-1)*15+6) | L18: =INDEX(CAP_CELULA!$F$6:$F$65,(PARAMETROS!$C$9-1)*15+6) | M18: =J18*G18+6/10000000
A19: 7 | B19: =INDEX(CAP_CELULA!$C$6:$C$65,(PARAMETROS!$C$9-1)*15+7) | C19: =INDEX(CAP_CELULA!$D$6:$D$65,(PARAMETROS!$C$9-1)*15+7) | D19: =INDEX(CAP_CELULA!$E$6:$E$65,(PARAMETROS!$C$9-1)*15+7) | E19: =INDEX(CAP_CELULA!$G$6:$G$65,(PARAMETROS!$C$9-1)*15+7) | F19: =INDEX(CAP_CELULA!$I$6:$I$65,(PARAMETROS!$C$9-1)*15+7) | G19: =INDEX(CAP_CELULA!$J$6:$J$65,(PARAMETROS!$C$9-1)*15+7) | H19: =INDEX(CAP_CELULA!$K$6:$K$65,(PARAMETROS!$C$9-1)*15+7) | I19: =INDEX(CAP_CELULA!$Q$6:$Q$65,(PARAMETROS!$C$9-1)*15+7) | J19: =IF(B19="",0,IF(OR($C$4="TODAS",C19=$C$4),1,0)) | K19: =INDEX(CAP_CELULA!$O$6:$O$65,(PARAMETROS!$C$9-1)*15+7) | L19: =INDEX(CAP_CELULA!$F$6:$F$65,(PARAMETROS!$C$9-1)*15+7) | M19: =J19*G19+7/10000000
A20: 8 | B20: =INDEX(CAP_CELULA!$C$6:$C$65,(PARAMETROS!$C$9-1)*15+8) | C20: =INDEX(CAP_CELULA!$D$6:$D$65,(PARAMETROS!$C$9-1)*15+8) | D20: =INDEX(CAP_CELULA!$E$6:$E$65,(PARAMETROS!$C$9-1)*15+8) | E20: =INDEX(CAP_CELULA!$G$6:$G$65,(PARAMETROS!$C$9-1)*15+8) | F20: =INDEX(CAP_CELULA!$I$6:$I$65,(PARAMETROS!$C$9-1)*15+8) | G20: =INDEX(CAP_CELULA!$J$6:$J$65,(PARAMETROS!$C$9-1)*15+8) | H20: =INDEX(CAP_CELULA!$K$6:$K$65,(PARAMETROS!$C$9-1)*15+8) | I20: =INDEX(CAP_CELULA!$Q$6:$Q$65,(PARAMETROS!$C$9-1)*15+8) | J20: =IF(B20="",0,IF(OR($C$4="TODAS",C20=$C$4),1,0)) | K20: =INDEX(CAP_CELULA!$O$6:$O$65,(PARAMETROS!$C$9-1)*15+8) | L20: =INDEX(CAP_CELULA!$F$6:$F$65,(PARAMETROS!$C$9-1)*15+8) | M20: =J20*G20+8/10000000
A21: 9 | B21: =INDEX(CAP_CELULA!$C$6:$C$65,(PARAMETROS!$C$9-1)*15+9) | C21: =INDEX(CAP_CELULA!$D$6:$D$65,(PARAMETROS!$C$9-1)*15+9) | D21: =INDEX(CAP_CELULA!$E$6:$E$65,(PARAMETROS!$C$9-1)*15+9) | E21: =INDEX(CAP_CELULA!$G$6:$G$65,(PARAMETROS!$C$9-1)*15+9) | F21: =INDEX(CAP_CELULA!$I$6:$I$65,(PARAMETROS!$C$9-1)*15+9) | G21: =INDEX(CAP_CELULA!$J$6:$J$65,(PARAMETROS!$C$9-1)*15+9) | H21: =INDEX(CAP_CELULA!$K$6:$K$65,(PARAMETROS!$C$9-1)*15+9) | I21: =INDEX(CAP_CELULA!$Q$6:$Q$65,(PARAMETROS!$C$9-1)*15+9) | J21: =IF(B21="",0,IF(OR($C$4="TODAS",C21=$C$4),1,0)) | K21: =INDEX(CAP_CELULA!$O$6:$O$65,(PARAMETROS!$C$9-1)*15+9) | L21: =INDEX(CAP_CELULA!$F$6:$F$65,(PARAMETROS!$C$9-1)*15+9) | M21: =J21*G21+9/10000000
A22: 10 | B22: =INDEX(CAP_CELULA!$C$6:$C$65,(PARAMETROS!$C$9-1)*15+10) | C22: =INDEX(CAP_CELULA!$D$6:$D$65,(PARAMETROS!$C$9-1)*15+10) | D22: =INDEX(CAP_CELULA!$E$6:$E$65,(PARAMETROS!$C$9-1)*15+10) | E22: =INDEX(CAP_CELULA!$G$6:$G$65,(PARAMETROS!$C$9-1)*15+10) | F22: =INDEX(CAP_CELULA!$I$6:$I$65,(PARAMETROS!$C$9-1)*15+10) | G22: =INDEX(CAP_CELULA!$J$6:$J$65,(PARAMETROS!$C$9-1)*15+10) | H22: =INDEX(CAP_CELULA!$K$6:$K$65,(PARAMETROS!$C$9-1)*15+10) | I22: =INDEX(CAP_CELULA!$Q$6:$Q$65,(PARAMETROS!$C$9-1)*15+10) | J22: =IF(B22="",0,IF(OR($C$4="TODAS",C22=$C$4),1,0)) | K22: =INDEX(CAP_CELULA!$O$6:$O$65,(PARAMETROS!$C$9-1)*15+10) | L22: =INDEX(CAP_CELULA!$F$6:$F$65,(PARAMETROS!$C$9-1)*15+10) | M22: =J22*G22+10/10000000
A23: 11 | B23: =INDEX(CAP_CELULA!$C$6:$C$65,(PARAMETROS!$C$9-1)*15+11) | C23: =INDEX(CAP_CELULA!$D$6:$D$65,(PARAMETROS!$C$9-1)*15+11) | D23: =INDEX(CAP_CELULA!$E$6:$E$65,(PARAMETROS!$C$9-1)*15+11) | E23: =INDEX(CAP_CELULA!$G$6:$G$65,(PARAMETROS!$C$9-1)*15+11) | F23: =INDEX(CAP_CELULA!$I$6:$I$65,(PARAMETROS!$C$9-1)*15+11) | G23: =INDEX(CAP_CELULA!$J$6:$J$65,(PARAMETROS!$C$9-1)*15+11) | H23: =INDEX(CAP_CELULA!$K$6:$K$65,(PARAMETROS!$C$9-1)*15+11) | I23: =INDEX(CAP_CELULA!$Q$6:$Q$65,(PARAMETROS!$C$9-1)*15+11) | J23: =IF(B23="",0,IF(OR($C$4="TODAS",C23=$C$4),1,0)) | K23: =INDEX(CAP_CELULA!$O$6:$O$65,(PARAMETROS!$C$9-1)*15+11) | L23: =INDEX(CAP_CELULA!$F$6:$F$65,(PARAMETROS!$C$9-1)*15+11) | M23: =J23*G23+11/10000000
A24: 12 | B24: =INDEX(CAP_CELULA!$C$6:$C$65,(PARAMETROS!$C$9-1)*15+12) | C24: =INDEX(CAP_CELULA!$D$6:$D$65,(PARAMETROS!$C$9-1)*15+12) | D24: =INDEX(CAP_CELULA!$E$6:$E$65,(PARAMETROS!$C$9-1)*15+12) | E24: =INDEX(CAP_CELULA!$G$6:$G$65,(PARAMETROS!$C$9-1)*15+12) | F24: =INDEX(CAP_CELULA!$I$6:$I$65,(PARAMETROS!$C$9-1)*15+12) | G24: =INDEX(CAP_CELULA!$J$6:$J$65,(PARAMETROS!$C$9-1)*15+12) | H24: =INDEX(CAP_CELULA!$K$6:$K$65,(PARAMETROS!$C$9-1)*15+12) | I24: =INDEX(CAP_CELULA!$Q$6:$Q$65,(PARAMETROS!$C$9-1)*15+12) | J24: =IF(B24="",0,IF(OR($C$4="TODAS",C24=$C$4),1,0)) | K24: =INDEX(CAP_CELULA!$O$6:$O$65,(PARAMETROS!$C$9-1)*15+12) | L24: =INDEX(CAP_CELULA!$F$6:$F$65,(PARAMETROS!$C$9-1)*15+12) | M24: =J24*G24+12/10000000
A25: 13 | B25: =INDEX(CAP_CELULA!$C$6:$C$65,(PARAMETROS!$C$9-1)*15+13) | C25: =INDEX(CAP_CELULA!$D$6:$D$65,(PARAMETROS!$C$9-1)*15+13) | D25: =INDEX(CAP_CELULA!$E$6:$E$65,(PARAMETROS!$C$9-1)*15+13) | E25: =INDEX(CAP_CELULA!$G$6:$G$65,(PARAMETROS!$C$9-1)*15+13) | F25: =INDEX(CAP_CELULA!$I$6:$I$65,(PARAMETROS!$C$9-1)*15+13) | G25: =INDEX(CAP_CELULA!$J$6:$J$65,(PARAMETROS!$C$9-1)*15+13) | H25: =INDEX(CAP_CELULA!$K$6:$K$65,(PARAMETROS!$C$9-1)*15+13) | I25: =INDEX(CAP_CELULA!$Q$6:$Q$65,(PARAMETROS!$C$9-1)*15+13) | J25: =IF(B25="",0,IF(OR($C$4="TODAS",C25=$C$4),1,0)) | K25: =INDEX(CAP_CELULA!$O$6:$O$65,(PARAMETROS!$C$9-1)*15+13) | L25: =INDEX(CAP_CELULA!$F$6:$F$65,(PARAMETROS!$C$9-1)*15+13) | M25: =J25*G25+13/10000000
A26: 14 | B26: =INDEX(CAP_CELULA!$C$6:$C$65,(PARAMETROS!$C$9-1)*15+14) | C26: =INDEX(CAP_CELULA!$D$6:$D$65,(PARAMETROS!$C$9-1)*15+14) | D26: =INDEX(CAP_CELULA!$E$6:$E$65,(PARAMETROS!$C$9-1)*15+14) | E26: =INDEX(CAP_CELULA!$G$6:$G$65,(PARAMETROS!$C$9-1)*15+14) | F26: =INDEX(CAP_CELULA!$I$6:$I$65,(PARAMETROS!$C$9-1)*15+14) | G26: =INDEX(CAP_CELULA!$J$6:$J$65,(PARAMETROS!$C$9-1)*15+14) | H26: =INDEX(CAP_CELULA!$K$6:$K$65,(PARAMETROS!$C$9-1)*15+14) | I26: =INDEX(CAP_CELULA!$Q$6:$Q$65,(PARAMETROS!$C$9-1)*15+14) | J26: =IF(B26="",0,IF(OR($C$4="TODAS",C26=$C$4),1,0)) | K26: =INDEX(CAP_CELULA!$O$6:$O$65,(PARAMETROS!$C$9-1)*15+14) | L26: =INDEX(CAP_CELULA!$F$6:$F$65,(PARAMETROS!$C$9-1)*15+14) | M26: =J26*G26+14/10000000
A27: 15 | B27: =INDEX(CAP_CELULA!$C$6:$C$65,(PARAMETROS!$C$9-1)*15+15) | C27: =INDEX(CAP_CELULA!$D$6:$D$65,(PARAMETROS!$C$9-1)*15+15) | D27: =INDEX(CAP_CELULA!$E$6:$E$65,(PARAMETROS!$C$9-1)*15+15) | E27: =INDEX(CAP_CELULA!$G$6:$G$65,(PARAMETROS!$C$9-1)*15+15) | F27: =INDEX(CAP_CELULA!$I$6:$I$65,(PARAMETROS!$C$9-1)*15+15) | G27: =INDEX(CAP_CELULA!$J$6:$J$65,(PARAMETROS!$C$9-1)*15+15) | H27: =INDEX(CAP_CELULA!$K$6:$K$65,(PARAMETROS!$C$9-1)*15+15) | I27: =INDEX(CAP_CELULA!$Q$6:$Q$65,(PARAMETROS!$C$9-1)*15+15) | J27: =IF(B27="",0,IF(OR($C$4="TODAS",C27=$C$4),1,0)) | K27: =INDEX(CAP_CELULA!$O$6:$O$65,(PARAMETROS!$C$9-1)*15+15) | L27: =INDEX(CAP_CELULA!$F$6:$F$65,(PARAMETROS!$C$9-1)*15+15) | M27: =J27*G27+15/10000000
A29: UTILIZAÇÃO DAS MÁQUINAS DE USINAGEM
A30: # | B30: Máquina | D30: Turnos | E30: Capacidade (h) | F30: Carga (h) | G30: Utilização | H30: Saldo (h) | I30: Status
A31: 1 | B31: =INDEX(USINAGEM!$C$6:$C$29,(PARAMETROS!$C$9-1)*6+1) | D31: =INDEX(USINAGEM!$D$6:$D$29,(PARAMETROS!$C$9-1)*6+1) | E31: =INDEX(USINAGEM!$F$6:$F$29,(PARAMETROS!$C$9-1)*6+1) | F31: =INDEX(USINAGEM!$H$6:$H$29,(PARAMETROS!$C$9-1)*6+1) | G31: =INDEX(USINAGEM!$I$6:$I$29,(PARAMETROS!$C$9-1)*6+1) | H31: =INDEX(USINAGEM!$J$6:$J$29,(PARAMETROS!$C$9-1)*6+1) | I31: =INDEX(USINAGEM!$N$6:$N$29,(PARAMETROS!$C$9-1)*6+1)
A32: 2 | B32: =INDEX(USINAGEM!$C$6:$C$29,(PARAMETROS!$C$9-1)*6+2) | D32: =INDEX(USINAGEM!$D$6:$D$29,(PARAMETROS!$C$9-1)*6+2) | E32: =INDEX(USINAGEM!$F$6:$F$29,(PARAMETROS!$C$9-1)*6+2) | F32: =INDEX(USINAGEM!$H$6:$H$29,(PARAMETROS!$C$9-1)*6+2) | G32: =INDEX(USINAGEM!$I$6:$I$29,(PARAMETROS!$C$9-1)*6+2) | H32: =INDEX(USINAGEM!$J$6:$J$29,(PARAMETROS!$C$9-1)*6+2) | I32: =INDEX(USINAGEM!$N$6:$N$29,(PARAMETROS!$C$9-1)*6+2)
A33: 3 | B33: =INDEX(USINAGEM!$C$6:$C$29,(PARAMETROS!$C$9-1)*6+3) | D33: =INDEX(USINAGEM!$D$6:$D$29,(PARAMETROS!$C$9-1)*6+3) | E33: =INDEX(USINAGEM!$F$6:$F$29,(PARAMETROS!$C$9-1)*6+3) | F33: =INDEX(USINAGEM!$H$6:$H$29,(PARAMETROS!$C$9-1)*6+3) | G33: =INDEX(USINAGEM!$I$6:$I$29,(PARAMETROS!$C$9-1)*6+3) | H33: =INDEX(USINAGEM!$J$6:$J$29,(PARAMETROS!$C$9-1)*6+3) | I33: =INDEX(USINAGEM!$N$6:$N$29,(PARAMETROS!$C$9-1)*6+3)
A34: 4 | B34: =INDEX(USINAGEM!$C$6:$C$29,(PARAMETROS!$C$9-1)*6+4) | D34: =INDEX(USINAGEM!$D$6:$D$29,(PARAMETROS!$C$9-1)*6+4) | E34: =INDEX(USINAGEM!$F$6:$F$29,(PARAMETROS!$C$9-1)*6+4) | F34: =INDEX(USINAGEM!$H$6:$H$29,(PARAMETROS!$C$9-1)*6+4) | G34: =INDEX(USINAGEM!$I$6:$I$29,(PARAMETROS!$C$9-1)*6+4) | H34: =INDEX(USINAGEM!$J$6:$J$29,(PARAMETROS!$C$9-1)*6+4) | I34: =INDEX(USINAGEM!$N$6:$N$29,(PARAMETROS!$C$9-1)*6+4)
A35: 5 | B35: =INDEX(USINAGEM!$C$6:$C$29,(PARAMETROS!$C$9-1)*6+5) | D35: =INDEX(USINAGEM!$D$6:$D$29,(PARAMETROS!$C$9-1)*6+5) | E35: =INDEX(USINAGEM!$F$6:$F$29,(PARAMETROS!$C$9-1)*6+5) | F35: =INDEX(USINAGEM!$H$6:$H$29,(PARAMETROS!$C$9-1)*6+5) | G35: =INDEX(USINAGEM!$I$6:$I$29,(PARAMETROS!$C$9-1)*6+5) | H35: =INDEX(USINAGEM!$J$6:$J$29,(PARAMETROS!$C$9-1)*6+5) | I35: =INDEX(USINAGEM!$N$6:$N$29,(PARAMETROS!$C$9-1)*6+5)
A36: 6 | B36: =INDEX(USINAGEM!$C$6:$C$29,(PARAMETROS!$C$9-1)*6+6) | D36: =INDEX(USINAGEM!$D$6:$D$29,(PARAMETROS!$C$9-1)*6+6) | E36: =INDEX(USINAGEM!$F$6:$F$29,(PARAMETROS!$C$9-1)*6+6) | F36: =INDEX(USINAGEM!$H$6:$H$29,(PARAMETROS!$C$9-1)*6+6) | G36: =INDEX(USINAGEM!$I$6:$I$29,(PARAMETROS!$C$9-1)*6+6) | H36: =INDEX(USINAGEM!$J$6:$J$29,(PARAMETROS!$C$9-1)*6+6) | I36: =INDEX(USINAGEM!$N$6:$N$29,(PARAMETROS!$C$9-1)*6+6)
A38: CAPACIDADE POR FAMÍLIA
A39: # | B39: Família | E39: Capacidade (h) | F39: Carga (h) | G39: Utilização
A40: 1 | B40: =PARAMETROS!B40 | E40: =SUMPRODUCT(($C$13:$C$27=B40)*$E$13:$E$27) | F40: =SUMPRODUCT(($C$13:$C$27=B40)*$F$13:$F$27) | G40: =IF(E40>0,F40/E40,0)
A41: 2 | B41: =PARAMETROS!B41 | E41: =SUMPRODUCT(($C$13:$C$27=B41)*$E$13:$E$27) | F41: =SUMPRODUCT(($C$13:$C$27=B41)*$F$13:$F$27) | G41: =IF(E41>0,F41/E41,0)
A42: 3 | B42: =PARAMETROS!B42 | E42: =SUMPRODUCT(($C$13:$C$27=B42)*$E$13:$E$27) | F42: =SUMPRODUCT(($C$13:$C$27=B42)*$F$13:$F$27) | G42: =IF(E42>0,F42/E42,0)
A43: 4 | B43: =PARAMETROS!B43 | E43: =SUMPRODUCT(($C$13:$C$27=B43)*$E$13:$E$27) | F43: =SUMPRODUCT(($C$13:$C$27=B43)*$F$13:$F$27) | G43: =IF(E43>0,F43/E43,0)
A44: RANKING — CÉLULAS MAIS SOBRECARREGADAS (filtro aplicado)
A45: Pos. | B45: Célula | E45: Capacidade (h) | F45: Carga (h) | G45: Utilização
A46: 1 | B46: =IF(LARGE($M$13:$M$27,1)<1/100000,"-",INDEX($B$13:$B$27,MATCH(LARGE($M$13:$M$27,1),$M$13:$M$27,0))) | E46: =IFERROR(INDEX($E$13:$E$27,MATCH(LARGE($M$13:$M$27,1),$M$13:$M$27,0)),0) | F46: =IFERROR(INDEX($F$13:$F$27,MATCH(LARGE($M$13:$M$27,1),$M$13:$M$27,0)),0) | G46: =IFERROR(INDEX($G$13:$G$27,MATCH(LARGE($M$13:$M$27,1),$M$13:$M$27,0)),0)
A47: 2 | B47: =IF(LARGE($M$13:$M$27,2)<1/100000,"-",INDEX($B$13:$B$27,MATCH(LARGE($M$13:$M$27,2),$M$13:$M$27,0))) | E47: =IFERROR(INDEX($E$13:$E$27,MATCH(LARGE($M$13:$M$27,2),$M$13:$M$27,0)),0) | F47: =IFERROR(INDEX($F$13:$F$27,MATCH(LARGE($M$13:$M$27,2),$M$13:$M$27,0)),0) | G47: =IFERROR(INDEX($G$13:$G$27,MATCH(LARGE($M$13:$M$27,2),$M$13:$M$27,0)),0)
A48: 3 | B48: =IF(LARGE($M$13:$M$27,3)<1/100000,"-",INDEX($B$13:$B$27,MATCH(LARGE($M$13:$M$27,3),$M$13:$M$27,0))) | E48: =IFERROR(INDEX($E$13:$E$27,MATCH(LARGE($M$13:$M$27,3),$M$13:$M$27,0)),0) | F48: =IFERROR(INDEX($F$13:$F$27,MATCH(LARGE($M$13:$M$27,3),$M$13:$M$27,0)),0) | G48: =IFERROR(INDEX($G$13:$G$27,MATCH(LARGE($M$13:$M$27,3),$M$13:$M$27,0)),0)
A49: 4 | B49: =IF(LARGE($M$13:$M$27,4)<1/100000,"-",INDEX($B$13:$B$27,MATCH(LARGE($M$13:$M$27,4),$M$13:$M$27,0))) | E49: =IFERROR(INDEX($E$13:$E$27,MATCH(LARGE($M$13:$M$27,4),$M$13:$M$27,0)),0) | F49: =IFERROR(INDEX($F$13:$F$27,MATCH(LARGE($M$13:$M$27,4),$M$13:$M$27,0)),0) | G49: =IFERROR(INDEX($G$13:$G$27,MATCH(LARGE($M$13:$M$27,4),$M$13:$M$27,0)),0)
A50: 5 | B50: =IF(LARGE($M$13:$M$27,5)<1/100000,"-",INDEX($B$13:$B$27,MATCH(LARGE($M$13:$M$27,5),$M$13:$M$27,0))) | E50: =IFERROR(INDEX($E$13:$E$27,MATCH(LARGE($M$13:$M$27,5),$M$13:$M$27,0)),0) | F50: =IFERROR(INDEX($F$13:$F$27,MATCH(LARGE($M$13:$M$27,5),$M$13:$M$27,0)),0) | G50: =IFERROR(INDEX($G$13:$G$27,MATCH(LARGE($M$13:$M$27,5),$M$13:$M$27,0)),0)

Sheet SIMULADOR
A1: SIMULADOR DE CAPACIDADE
A2: Altere as células amarelas. O cenário 'Simulação' recalcula tudo e é comparado ao Atual.
B4: ALAVANCAS
B5: Célula a alterar
B6: Variação de funcionários por turno ativo (+/-) | C6: 0
B7: Turno A ativo (1/0) | C7: 1 | D7: ← inicia igual ao cenário Atual
B8: Turno B ativo (1/0) | C8: 0 | D8: ← inicia igual ao cenário Atual
B9: Turno C ativo (1/0) | C9: 0 | D9: ← inicia igual ao cenário Atual
B10: Horas extras por turno/dia (h) | C10: 0 | D10: ← inicia igual ao cenário Atual
B11: Dias com HE no mês | C11: 0 | D11: ← inicia igual ao cenário Atual
B12: Eficiência operacional | C12: 0.845969 | D12: ← inicia igual ao cenário Atual
B13: Disponibilidade | C13: 0.955 | D13: ← inicia igual ao cenário Atual
B14: Fator de demanda (1,20 = +20%) | C14: 1 | D14: ← inicia igual ao cenário Atual
B15: Fator de tempo (0,90 = -10%) | C15: 0.9 | D15: ← inicia igual ao cenário Atual
B16: Base de tempo (Padrão/Real) | C16: Padrão | D16: ← inicia igual ao cenário Atual
B18: RESULTADO — CÉLULA SELECIONADA (Atual × Simulação)
B19: Indicador | C19: Atual | D19: Simulação | E19: Variação
B20: Funcionários | C20: =IFERROR(INDEX(CAP_CELULA!$E$6:$E$65,0+MATCH($C$5,MAO_OBRA!$A$6:$A$20,0)),0) | D20: =IFERROR(INDEX(CAP_CELULA!$E$6:$E$65,45+MATCH($C$5,MAO_OBRA!$A$6:$A$20,0)),0) | E20: =D20-C20
B21: Capacidade efetiva (h/mês) | C21: =IFERROR(INDEX(CAP_CELULA!$G$6:$G$65,0+MATCH($C$5,MAO_OBRA!$A$6:$A$20,0)),0) | D21: =IFERROR(INDEX(CAP_CELULA!$G$6:$G$65,45+MATCH($C$5,MAO_OBRA!$A$6:$A$20,0)),0) | E21: =D21-C21
B22: Carga (h/mês) | C22: =IFERROR(INDEX(CAP_CELULA!$I$6:$I$65,0+MATCH($C$5,MAO_OBRA!$A$6:$A$20,0)),0) | D22: =IFERROR(INDEX(CAP_CELULA!$I$6:$I$65,45+MATCH($C$5,MAO_OBRA!$A$6:$A$20,0)),0) | E22: =D22-C22
B23: Utilização | C23: =IFERROR(INDEX(CAP_CELULA!$J$6:$J$65,0+MATCH($C$5,MAO_OBRA!$A$6:$A$20,0)),0) | D23: =IFERROR(INDEX(CAP_CELULA!$J$6:$J$65,45+MATCH($C$5,MAO_OBRA!$A$6:$A$20,0)),0) | E23: =D23-C23
B24: Saldo (h) | C24: =IFERROR(INDEX(CAP_CELULA!$K$6:$K$65,0+MATCH($C$5,MAO_OBRA!$A$6:$A$20,0)),0) | D24: =IFERROR(INDEX(CAP_CELULA!$K$6:$K$65,45+MATCH($C$5,MAO_OBRA!$A$6:$A$20,0)),0) | E24: =D24-C24
B25: Capacidade equivalente (pç/mês) | C25: =IFERROR(INDEX(CAP_CELULA!$U$6:$U$65,0+MATCH($C$5,MAO_OBRA!$A$6:$A$20,0)),0) | D25: =IFERROR(INDEX(CAP_CELULA!$U$6:$U$65,45+MATCH($C$5,MAO_OBRA!$A$6:$A$20,0)),0) | E25: =D25-C25
B26: Extra com horas extras (h) | C26: =IFERROR(INDEX(CAP_CELULA!$H$6:$H$65,0+MATCH($C$5,MAO_OBRA!$A$6:$A$20,0)),0) | D26: =IFERROR(INDEX(CAP_CELULA!$H$6:$H$65,45+MATCH($C$5,MAO_OBRA!$A$6:$A$20,0)),0) | E26: =D26-C26
B28: RESULTADO GERAL (Simulação)
B29: Utilização geral da Caldeiraria | C29: =COMPARATIVO!F8
B30: Horas extras necessárias (h) | C30: =COMPARATIVO!F11
B31: Funcionários necessários para o plano | C31: =COMPARATIVO!F13
B32: Funcionários disponíveis | C32: =COMPARATIVO!F5
B33: Células INSUFICIENTES | C33: =COMPARATIVO!F15
B34: Máquinas INSUFICIENTES | C34: =COMPARATIVO!F17
B36: RESPOSTAS RÁPIDAS (Simulação)
B37: Célula mais sobrecarregada | C37: =IF(MAX(CAP_CELULA!$J$51:$J$65)=0,"-",INDEX(CAP_CELULA!$C$51:$C$65,MATCH(MAX(CAP_CELULA!$J$51:$J$65),CAP_CELULA!$J$51:$J$65,0)))
B38: utilização | C38: =MAX(CAP_CELULA!$J$51:$J$65)
B39: Célula com mais mão de obra ociosa | C39: =IF(MAX(CAP_CELULA!$L$51:$L$65)=0,"-",INDEX(CAP_CELULA!$C$51:$C$65,MATCH(MAX(CAP_CELULA!$L$51:$L$65),CAP_CELULA!$L$51:$L$65,0)))
B40: Máquina de usinagem limitante | C40: =IF(MAX(USINAGEM!$I$24:$I$29)=0,"-",INDEX(USINAGEM!$C$24:$C$29,MATCH(MAX(USINAGEM!$I$24:$I$29),USINAGEM!$I$24:$I$29,0)))
B41: utilização | C41: =MAX(USINAGEM!$I$24:$I$29)
B42: Linha (peça/processo) com maior consumo de horas | C42: =IFERROR(INDEX(DEMANDA_CARGA!$C$6:$C$205,MATCH(LARGE(DEMANDA_CARGA!$L$6:$L$205,1),DEMANDA_CARGA!$L$6:$L$205,0))&" / "&INDEX(DEMANDA_CARGA!$D$6:$D$205,MATCH(LARGE(DEMANDA_CARGA!$L$6:$L$205,1),DEMANDA_CARGA!$L$6:$L$205,0)),"-")
B44: Obs.: aba SIMULADOR usa o cenário 4 (Simulação). O Dashboard permite escolher qualquer cenário.

Sheet CAP_CELULA
A1: CAPACIDADE POR CÉLULA — 4 cenários (horas-homem/mês)
A2: Células são recursos independentes. Dentro de um fluxo, o limitante é a célula/máquina de maior utilização (ver DEMANDA_CARGA, coluna Gargalo).
A5: Cen. | B5: # | C5: Célula | D5: Família | E5: Funcionários | F5: Cap. nominal (h) | G5: Cap. efetiva (h) | H5: Cap. extra HE (h) | I5: Carga (h) | J5: Utilização | K5: Saldo (h) | L5: Ociosidade (h) | M5: Déficit (h) | N5: HE necessária (h) | O5: Func. adicionais | P5: Sogyodo | Q5: Status | R5: Util. c/ HE | S5: Cap. diária (h) | T5: Cap. semanal (h) | U5: Cap. equiv. (pç/mês)
A6: 1 | B6: 1 | C6: =IF(MAO_OBRA!A6="","",MAO_OBRA!A6) | D6: =IF(MAO_OBRA!B6="","",MAO_OBRA!B6) | E6: =MAO_OBRA!O6 | F6: =PARAMETROS!$C$4*(MAO_OBRA!C6*PARAMETROS!$C$18*PARAMETROS!$F$11+MAO_OBRA!D6*PARAMETROS!$C$19*PARAMETROS!$F$12+MAO_OBRA!E6*PARAMETROS!$C$20*PARAMETROS!$F$13) | G6: =F6*PARAMETROS!$C$23*PARAMETROS!$C$24 | H6: =PARAMETROS!$C$22*PARAMETROS!$C$21*E6*PARAMETROS!$C$23*PARAMETROS!$C$24 | I6: =IF(C6="",0,PARAMETROS!$C$25/60*(IF(PARAMETROS!$C$27="Real",SUMPRODUCT((BASE!$E$6:$E$205=C6)*BASE!$P$6:$P$205*BASE!$L$6:$L$205*BASE!$N$6:$N$205),SUMPRODUCT((BASE!$E$6:$E$205=C6)*BASE!$P$6:$P$205*BASE!$L$6:$L$205*BASE!$H$6:$H$205))*PARAMETROS!$C$26+SUMPRODUCT((BASE!$E$6:$E$205=C6)*BASE!$P$6:$P$205*BASE!$L$6:$L$205*BASE!$O$6:$O$205))) | J6: =IF(G6>0,I6/G6,0) | K6: =G6-I6 | L6: =MAX(0,K6) | M6: =MAX(0,-K6) | N6: =M6 | O6: =IF(PARAMETROS!$C$28>0,M6/PARAMETROS!$C$28,0) | P6: =IF(PARAMETROS!$C$8="Nominal",IF(F6>0,I6/F6,0),J6) | Q6: =IF(C6="","",IF(I6=0,"SEM CARGA",IF(OR(G6=0,J6>=PARAMETROS!$C$7),"INSUFICIENTE",IF(J6>=PARAMETROS!$C$6,"ATENÇÃO","OK")))) | R6: =IF(G6+H6>0,I6/(G6+H6),0) | S6: =G6/PARAMETROS!$C$4 | T6: =S6*PARAMETROS!$C$5 | U6: =IF(I6>0,SUMIF(BASE!$E$6:$E$205,C6,BASE!$L$6:$L$205)*PARAMETROS!$C$25*G6/I6,0)
A7: 1 | B7: 2 | C7: =IF(MAO_OBRA!A7="","",MAO_OBRA!A7) | D7: =IF(MAO_OBRA!B7="","",MAO_OBRA!B7) | E7: =MAO_OBRA!O7 | F7: =PARAMETROS!$C$4*(MAO_OBRA!C7*PARAMETROS!$C$18*PARAMETROS!$F$11+MAO_OBRA!D7*PARAMETROS!$C$19*PARAMETROS!$F$12+MAO_OBRA!E7*PARAMETROS!$C$20*PARAMETROS!$F$13) | G7: =F7*PARAMETROS!$C$23*PARAMETROS!$C$24 | H7: =PARAMETROS!$C$22*PARAMETROS!$C$21*E7*PARAMETROS!$C$23*PARAMETROS!$C$24 | I7: =IF(C7="",0,PARAMETROS!$C$25/60*(IF(PARAMETROS!$C$27="Real",SUMPRODUCT((BASE!$E$6:$E$205=C7)*BASE!$P$6:$P$205*BASE!$L$6:$L$205*BASE!$N$6:$N$205),SUMPRODUCT((BASE!$E$6:$E$205=C7)*BASE!$P$6:$P$205*BASE!$L$6:$L$205*BASE!$H$6:$H$205))*PARAMETROS!$C$26+SUMPRODUCT((BASE!$E$6:$E$205=C7)*BASE!$P$6:$P$205*BASE!$L$6:$L$205*BASE!$O$6:$O$205))) | J7: =IF(G7>0,I7/G7,0) | K7: =G7-I7 | L7: =MAX(0,K7) | M7: =MAX(0,-K7) | N7: =M7 | O7: =IF(PARAMETROS!$C$28>0,M7/PARAMETROS!$C$28,0) | P7: =IF(PARAMETROS!$C$8="Nominal",IF(F7>0,I7/F7,0),J7) | Q7: =IF(C7="","",IF(I7=0,"SEM CARGA",IF(OR(G7=0,J7>=PARAMETROS!$C$7),"INSUFICIENTE",IF(J7>=PARAMETROS!$C$6,"ATENÇÃO","OK")))) | R7: =IF(G7+H7>0,I7/(G7+H7),0) | S7: =G7/PARAMETROS!$C$4 | T7: =S7*PARAMETROS!$C$5 | U7: =IF(I7>0,SUMIF(BASE!$E$6:$E$205,C7,BASE!$L$6:$L$205)*PARAMETROS!$C$25*G7/I7,0)
A8: 1 | B8: 3 | C8: =IF(MAO_OBRA!A8="","",MAO_OBRA!A8) | D8: =IF(MAO_OBRA!B8="","",MAO_OBRA!B8) | E8: =MAO_OBRA!O8 | F8: =PARAMETROS!$C$4*(MAO_OBRA!C8*PARAMETROS!$C$18*PARAMETROS!$F$11+MAO_OBRA!D8*PARAMETROS!$C$19*PARAMETROS!$F$12+MAO_OBRA!E8*PARAMETROS!$C$20*PARAMETROS!$F$13) | G8: =F8*PARAMETROS!$C$23*PARAMETROS!$C$24 | H8: =PARAMETROS!$C$22*PARAMETROS!$C$21*E8*PARAMETROS!$C$23*PARAMETROS!$C$24 | I8: =IF(C8="",0,PARAMETROS!$C$25/60*(IF(PARAMETROS!$C$27="Real",SUMPRODUCT((BASE!$E$6:$E$205=C8)*BASE!$P$6:$P$205*BASE!$L$6:$L$205*BASE!$N$6:$N$205),SUMPRODUCT((BASE!$E$6:$E$205=C8)*BASE!$P$6:$P$205*BASE!$L$6:$L$205*BASE!$H$6:$H$205))*PARAMETROS!$C$26+SUMPRODUCT((BASE!$E$6:$E$205=C8)*BASE!$P$6:$P$205*BASE!$L$6:$L$205*BASE!$O$6:$O$205))) | J8: =IF(G8>0,I8/G8,0) | K8: =G8-I8 | L8: =MAX(0,K8) | M8: =MAX(0,-K8) | N8: =M8 | O8: =IF(PARAMETROS!$C$28>0,M8/PARAMETROS!$C$28,0) | P8: =IF(PARAMETROS!$C$8="Nominal",IF(F8>0,I8/F8,0),J8) | Q8: =IF(C8="","",IF(I8=0,"SEM CARGA",IF(OR(G8=0,J8>=PARAMETROS!$C$7),"INSUFICIENTE",IF(J8>=PARAMETROS!$C$6,"ATENÇÃO","OK")))) | R8: =IF(G8+H8>0,I8/(G8+H8),0) | S8: =G8/PARAMETROS!$C$4 | T8: =S8*PARAMETROS!$C$5 | U8: =IF(I8>0,SUMIF(BASE!$E$6:$E$205,C8,BASE!$L$6:$L$205)*PARAMETROS!$C$25*G8/I8,0)
A9: 1 | B9: 4 | C9: =IF(MAO_OBRA!A9="","",MAO_OBRA!A9) | D9: =IF(MAO_OBRA!B9="","",MAO_OBRA!B9) | E9: =MAO_OBRA!O9 | F9: =PARAMETROS!$C$4*(MAO_OBRA!C9*PARAMETROS!$C$18*PARAMETROS!$F$11+MAO_OBRA!D9*PARAMETROS!$C$19*PARAMETROS!$F$12+MAO_OBRA!E9*PARAMETROS!$C$20*PARAMETROS!$F$13) | G9: =F9*PARAMETROS!$C$23*PARAMETROS!$C$24 | H9: =PARAMETROS!$C$22*PARAMETROS!$C$21*E9*PARAMETROS!$C$23*PARAMETROS!$C$24 | I9: =IF(C9="",0,PARAMETROS!$C$25/60*(IF(PARAMETROS!$C$27="Real",SUMPRODUCT((BASE!$E$6:$E$205=C9)*BASE!$P$6:$P$205*BASE!$L$6:$L$205*BASE!$N$6:$N$205),SUMPRODUCT((BASE!$E$6:$E$205=C9)*BASE!$P$6:$P$205*BASE!$L$6:$L$205*BASE!$H$6:$H$205))*PARAMETROS!$C$26+SUMPRODUCT((BASE!$E$6:$E$205=C9)*BASE!$P$6:$P$205*BASE!$L$6:$L$205*BASE!$O$6:$O$205))) | J9: =IF(G9>0,I9/G9,0) | K9: =G9-I9 | L9: =MAX(0,K9) | M9: =MAX(0,-K9) | N9: =M9 | O9: =IF(PARAMETROS!$C$28>0,M9/PARAMETROS!$C$28,0) | P9: =IF(PARAMETROS!$C$8="Nominal",IF(F9>0,I9/F9,0),J9) | Q9: =IF(C9="","",IF(I9=0,"SEM CARGA",IF(OR(G9=0,J9>=PARAMETROS!$C$7),"INSUFICIENTE",IF(J9>=PARAMETROS!$C$6,"ATENÇÃO","OK")))) | R9: =IF(G9+H9>0,I9/(G9+H9),0) | S9: =G9/PARAMETROS!$C$4 | T9: =S9*PARAMETROS!$C$5 | U9: =IF(I9>0,SUMIF(BASE!$E$6:$E$205,C9,BASE!$L$6:$L$205)*PARAMETROS!$C$25*G9/I9,0)
A10: 1 | B10: 5 | C10: =IF(MAO_OBRA!A10="","",MAO_OBRA!A10) | D10: =IF(MAO_OBRA!B10="","",MAO_OBRA!B10) | E10: =MAO_OBRA!O10 | F10: =PARAMETROS!$C$4*(MAO_OBRA!C10*PARAMETROS!$C$18*PARAMETROS!$F$11+MAO_OBRA!D10*PARAMETROS!$C$19*PARAMETROS!$F$12+MAO_OBRA!E10*PARAMETROS!$C$20*PARAMETROS!$F$13) | G10: =F10*PARAMETROS!$C$23*PARAMETROS!$C$24 | H10: =PARAMETROS!$C$22*PARAMETROS!$C$21*E10*PARAMETROS!$C$23*PARAMETROS!$C$24 | I10: =IF(C10="",0,PARAMETROS!$C$25/60*(IF(PARAMETROS!$C$27="Real",SUMPRODUCT((BASE!$E$6:$E$205=C10)*BASE!$P$6:$P$205*BASE!$L$6:$L$205*BASE!$N$6:$N$205),SUMPRODUCT((BASE!$E$6:$E$205=C10)*BASE!$P$6:$P$205*BASE!$L$6:$L$205*BASE!$H$6:$H$205))*PARAMETROS!$C$26+SUMPRODUCT((BASE!$E$6:$E$205=C10)*BASE!$P$6:$P$205*BASE!$L$6:$L$205*BASE!$O$6:$O$205))) | J10: =IF(G10>0,I10/G10,0) | K10: =G10-I10 | L10: =MAX(0,K10) | M10: =MAX(0,-K10) | N10: =M10 | O10: =IF(PARAMETROS!$C$28>0,M10/PARAMETROS!$C$28,0) | P10: =IF(PARAMETROS!$C$8="Nominal",IF(F10>0,I10/F10,0),J10) | Q10: =IF(C10="","",IF(I10=0,"SEM CARGA",IF(OR(G10=0,J10>=PARAMETROS!$C$7),"INSUFICIENTE",IF(J10>=PARAMETROS!$C$6,"ATENÇÃO","OK")))) | R10: =IF(G10+H10>0,I10/(G10+H10),0) | S10: =G10/PARAMETROS!$C$4 | T10: =S10*PARAMETROS!$C$5 | U10: =IF(I10>0,SUMIF(BASE!$E$6:$E$205,C10,BASE!$L$6:$L$205)*PARAMETROS!$C$25*G10/I10,0)
A11: 1 | B11: 6 | C11: =IF(MAO_OBRA!A11="","",MAO_OBRA!A11) | D11: =IF(MAO_OBRA!B11="","",MAO_OBRA!B11) | E11: =MAO_OBRA!O11 | F11: =PARAMETROS!$C$4*(MAO_OBRA!C11*PARAMETROS!$C$18*PARAMETROS!$F$11+MAO_OBRA!D11*PARAMETROS!$C$19*PARAMETROS!$F$12+MAO_OBRA!E11*PARAMETROS!$C$20*PARAMETROS!$F$13) | G11: =F11*PARAMETROS!$C$23*PARAMETROS!$C$24 | H11: =PARAMETROS!$C$22*PARAMETROS!$C$21*E11*PARAMETROS!$C$23*PARAMETROS!$C$24 | I11: =IF(C11="",0,PARAMETROS!$C$25/60*(IF(PARAMETROS!$C$27="Real",SUMPRODUCT((BASE!$E$6:$E$205=C11)*BASE!$P$6:$P$205*BASE!$L$6:$L$205*BASE!$N$6:$N$205),SUMPRODUCT((BASE!$E$6:$E$205=C11)*BASE!$P$6:$P$205*BASE!$L$6:$L$205*BASE!$H$6:$H$205))*PARAMETROS!$C$26+SUMPRODUCT((BASE!$E$6:$E$205=C11)*BASE!$P$6:$P$205*BASE!$L$6:$L$205*BASE!$O$6:$O$205))) | J11: =IF(G11>0,I11/G11,0) | K11: =G11-I11 | L11: =MAX(0,K11) | M11: =MAX(0,-K11) | N11: =M11 | O11: =IF(PARAMETROS!$C$28>0,M11/PARAMETROS!$C$28,0) | P11: =IF(PARAMETROS!$C$8="Nominal",IF(F11>0,I11/F11,0),J11) | Q11: =IF(C11="","",IF(I11=0,"SEM CARGA",IF(OR(G11=0,J11>=PARAMETROS!$C$7),"INSUFICIENTE",IF(J11>=PARAMETROS!$C$6,"ATENÇÃO","OK")))) | R11: =IF(G11+H11>0,I11/(G11+H11),0) | S11: =G11/PARAMETROS!$C$4 | T11: =S11*PARAMETROS!$C$5 | U11: =IF(I11>0,SUMIF(BASE!$E$6:$E$205,C11,BASE!$L$6:$L$205)*PARAMETROS!$C$25*G11/I11,0)
A12: 1 | B12: 7 | C12: =IF(MAO_OBRA!A12="","",MAO_OBRA!A12) | D12: =IF(MAO_OBRA!B12="","",MAO_OBRA!B12) | E12: =MAO_OBRA!O12 | F12: =PARAMETROS!$C$4*(MAO_OBRA!C12*PARAMETROS!$C$18*PARAMETROS!$F$11+MAO_OBRA!D12*PARAMETROS!$C$19*PARAMETROS!$F$12+MAO_OBRA!E12*PARAMETROS!$C$20*PARAMETROS!$F$13) | G12: =F12*PARAMETROS!$C$23*PARAMETROS!$C$24 | H12: =PARAMETROS!$C$22*PARAMETROS!$C$21*E12*PARAMETROS!$C$23*PARAMETROS!$C$24 | I12: =IF(C12="",0,PARAMETROS!$C$25/60*(IF(PARAMETROS!$C$27="Real",SUMPRODUCT((BASE!$E$6:$E$205=C12)*BASE!$P$6:$P$205*BASE!$L$6:$L$205*BASE!$N$6:$N$205),SUMPRODUCT((BASE!$E$6:$E$205=C12)*BASE!$P$6:$P$205*BASE!$L$6:$L$205*BASE!$H$6:$H$205))*PARAMETROS!$C$26+SUMPRODUCT((BASE!$E$6:$E$205=C12)*BASE!$P$6:$P$205*BASE!$L$6:$L$205*BASE!$O$6:$O$205))) | J12: =IF(G12>0,I12/G12,0) | K12: =G12-I12 | L12: =MAX(0,K12) | M12: =MAX(0,-K12) | N12: =M12 | O12: =IF(PARAMETROS!$C$28>0,M12/PARAMETROS!$C$28,0) | P12: =IF(PARAMETROS!$C$8="Nominal",IF(F12>0,I12/F12,0),J12) | Q12: =IF(C12="","",IF(I12=0,"SEM CARGA",IF(OR(G12=0,J12>=PARAMETROS!$C$7),"INSUFICIENTE",IF(J12>=PARAMETROS!$C$6,"ATENÇÃO","OK")))) | R12: =IF(G12+H12>0,I12/(G12+H12),0) | S12: =G12/PARAMETROS!$C$4 | T12: =S12*PARAMETROS!$C$5 | U12: =IF(I12>0,SUMIF(BASE!$E$6:$E$205,C12,BASE!$L$6:$L$205)*PARAMETROS!$C$25*G12/I12,0)
A13: 1 | B13: 8 | C13: =IF(MAO_OBRA!A13="","",MAO_OBRA!A13) | D13: =IF(MAO_OBRA!B13="","",MAO_OBRA!B13) | E13: =MAO_OBRA!O13 | F13: =PARAMETROS!$C$4*(MAO_OBRA!C13*PARAMETROS!$C$18*PARAMETROS!$F$11+MAO_OBRA!D13*PARAMETROS!$C$19*PARAMETROS!$F$12+MAO_OBRA!E13*PARAMETROS!$C$20*PARAMETROS!$F$13) | G13: =F13*PARAMETROS!$C$23*PARAMETROS!$C$24 | H13: =PARAMETROS!$C$22*PARAMETROS!$C$21*E13*PARAMETROS!$C$23*PARAMETROS!$C$24 | I13: =IF(C13="",0,PARAMETROS!$C$25/60*(IF(PARAMETROS!$C$27="Real",SUMPRODUCT((BASE!$E$6:$E$205=C13)*BASE!$P$6:$P$205*BASE!$L$6:$L$205*BASE!$N$6:$N$205),SUMPRODUCT((BASE!$E$6:$E$205=C13)*BASE!$P$6:$P$205*BASE!$L$6:$L$205*BASE!$H$6:$H$205))*PARAMETROS!$C$26+SUMPRODUCT((BASE!$E$6:$E$205=C13)*BASE!$P$6:$P$205*BASE!$L$6:$L$205*BASE!$O$6:$O$205))) | J13: =IF(G13>0,I13/G13,0) | K13: =G13-I13 | L13: =MAX(0,K13) | M13: =MAX(0,-K13) | N13: =M13 | O13: =IF(PARAMETROS!$C$28>0,M13/PARAMETROS!$C$28,0) | P13: =IF(PARAMETROS!$C$8="Nominal",IF(F13>0,I13/F13,0),J13) | Q13: =IF(C13="","",IF(I13=0,"SEM CARGA",IF(OR(G13=0,J13>=PARAMETROS!$C$7),"INSUFICIENTE",IF(J13>=PARAMETROS!$C$6,"ATENÇÃO","OK")))) | R13: =IF(G13+H13>0,I13/(G13+H13),0) | S13: =G13/PARAMETROS!$C$4 | T13: =S13*PARAMETROS!$C$5 | U13: =IF(I13>0,SUMIF(BASE!$E$6:$E$205,C13,BASE!$L$6:$L$205)*PARAMETROS!$C$25*G13/I13,0)
A14: 1 | B14: 9 | C14: =IF(MAO_OBRA!A14="","",MAO_OBRA!A14) | D14: =IF(MAO_OBRA!B14="","",MAO_OBRA!B14) | E14: =MAO_OBRA!O14 | F14: =PARAMETROS!$C$4*(MAO_OBRA!C14*PARAMETROS!$C$18*PARAMETROS!$F$11+MAO_OBRA!D14*PARAMETROS!$C$19*PARAMETROS!$F$12+MAO_OBRA!E14*PARAMETROS!$C$20*PARAMETROS!$F$13) | G14: =F14*PARAMETROS!$C$23*PARAMETROS!$C$24 | H14: =PARAMETROS!$C$22*PARAMETROS!$C$21*E14*PARAMETROS!$C$23*PARAMETROS!$C$24 | I14: =IF(C14="",0,PARAMETROS!$C$25/60*(IF(PARAMETROS!$C$27="Real",SUMPRODUCT((BASE!$E$6:$E$205=C14)*BASE!$P$6:$P$205*BASE!$L$6:$L$205*BASE!$N$6:$N$205),SUMPRODUCT((BASE!$E$6:$E$205=C14)*BASE!$P$6:$P$205*BASE!$L$6:$L$205*BASE!$H$6:$H$205))*PARAMETROS!$C$26+SUMPRODUCT((BASE!$E$6:$E$205=C14)*BASE!$P$6:$P$205*BASE!$L$6:$L$205*BASE!$O$6:$O$205))) | J14: =IF(G14>0,I14/G14,0) | K14: =G14-I14 | L14: =MAX(0,K14) | M14: =MAX(0,-K14) | N14: =M14 | O14: =IF(PARAMETROS!$C$28>0,M14/PARAMETROS!$C$28,0) | P14: =IF(PARAMETROS!$C$8="Nominal",IF(F14>0,I14/F14,0),J14) | Q14: =IF(C14="","",IF(I14=0,"SEM CARGA",IF(OR(G14=0,J14>=PARAMETROS!$C$7),"INSUFICIENTE",IF(J14>=PARAMETROS!$C$6,"ATENÇÃO","OK")))) | R14: =IF(G14+H14>0,I14/(G14+H14),0) | S14: =G14/PARAMETROS!$C$4 | T14: =S14*PARAMETROS!$C$5 | U14: =IF(I14>0,SUMIF(BASE!$E$6:$E$205,C14,BASE!$L$6:$L$205)*PARAMETROS!$C$25*G14/I14,0)
A15: 1 | B15: 10 | C15: =IF(MAO_OBRA!A15="","",MAO_OBRA!A15) | D15: =IF(MAO_OBRA!B15="","",MAO_OBRA!B15) | E15: =MAO_OBRA!O15 | F15: =PARAMETROS!$C$4*(MAO_OBRA!C15*PARAMETROS!$C$18*PARAMETROS!$F$11+MAO_OBRA!D15*PARAMETROS!$C$19*PARAMETROS!$F$12+MAO_OBRA!E15*PARAMETROS!$C$20*PARAMETROS!$F$13) | G15: =F15*PARAMETROS!$C$23*PARAMETROS!$C$24 | H15: =PARAMETROS!$C$22*PARAMETROS!$C$21*E15*PARAMETROS!$C$23*PARAMETROS!$C$24 | I15: =IF(C15="",0,PARAMETROS!$C$25/60*(IF(PARAMETROS!$C$27="Real",SUMPRODUCT((BASE!$E$6:$E$205=C15)*BASE!$P$6:$P$205*BASE!$L$6:$L$205*BASE!$N$6:$N$205),SUMPRODUCT((BASE!$E$6:$E$205=C15)*BASE!$P$6:$P$205*BASE!$L$6:$L$205*BASE!$H$6:$H$205))*PARAMETROS!$C$26+SUMPRODUCT((BASE!$E$6:$E$205=C15)*BASE!$P$6:$P$205*BASE!$L$6:$L$205*BASE!$O$6:$O$205))) | J15: =IF(G15>0,I15/G15,0) | K15: =G15-I15 | L15: =MAX(0,K15) | M15: =MAX(0,-K15) | N15: =M15 | O15: =IF(PARAMETROS!$C$28>0,M15/PARAMETROS!$C$28,0) | P15: =IF(PARAMETROS!$C$8="Nominal",IF(F15>0,I15/F15,0),J15) | Q15: =IF(C15="","",IF(I15=0,"SEM CARGA",IF(OR(G15=0,J15>=PARAMETROS!$C$7),"INSUFICIENTE",IF(J15>=PARAMETROS!$C$6,"ATENÇÃO","OK")))) | R15: =IF(G15+H15>0,I15/(G15+H15),0) | S15: =G15/PARAMETROS!$C$4 | T15: =S15*PARAMETROS!$C$5 | U15: =IF(I15>0,SUMIF(BASE!$E$6:$E$205,C15,BASE!$L$6:$L$205)*PARAMETROS!$C$25*G15/I15,0)
A16: 1 | B16: 11 | C16: =IF(MAO_OBRA!A16="","",MAO_OBRA!A16) | D16: =IF(MAO_OBRA!B16="","",MAO_OBRA!B16) | E16: =MAO_OBRA!O16 | F16: =PARAMETROS!$C$4*(MAO_OBRA!C16*PARAMETROS!$C$18*PARAMETROS!$F$11+MAO_OBRA!D16*PARAMETROS!$C$19*PARAMETROS!$F$12+MAO_OBRA!E16*PARAMETROS!$C$20*PARAMETROS!$F$13) | G16: =F16*PARAMETROS!$C$23*PARAMETROS!$C$24 | H16: =PARAMETROS!$C$22*PARAMETROS!$C$21*E16*PARAMETROS!$C$23*PARAMETROS!$C$24 | I16: =IF(C16="",0,PARAMETROS!$C$25/60*(IF(PARAMETROS!$C$27="Real",SUMPRODUCT((BASE!$E$6:$E$205=C16)*BASE!$P$6:$P$205*BASE!$L$6:$L$205*BASE!$N$6:$N$205),SUMPRODUCT((BASE!$E$6:$E$205=C16)*BASE!$P$6:$P$205*BASE!$L$6:$L$205*BASE!$H$6:$H$205))*PARAMETROS!$C$26+SUMPRODUCT((BASE!$E$6:$E$205=C16)*BASE!$P$6:$P$205*BASE!$L$6:$L$205*BASE!$O$6:$O$205))) | J16: =IF(G16>0,I16/G16,0) | K16: =G16-I16 | L16: =MAX(0,K16) | M16: =MAX(0,-K16) | N16: =M16 | O16: =IF(PARAMETROS!$C$28>0,M16/PARAMETROS!$C$28,0) | P16: =IF(PARAMETROS!$C$8="Nominal",IF(F16>0,I16/F16,0),J16) | Q16: =IF(C16="","",IF(I16=0,"SEM CARGA",IF(OR(G16=0,J16>=PARAMETROS!$C$7),"INSUFICIENTE",IF(J16>=PARAMETROS!$C$6,"ATENÇÃO","OK")))) | R16: =IF(G16+H16>0,I16/(G16+H16),0) | S16: =G16/PARAMETROS!$C$4 | T16: =S16*PARAMETROS!$C$5 | U16: =IF(I16>0,SUMIF(BASE!$E$6:$E$205,C16,BASE!$L$6:$L$205)*PARAMETROS!$C$25*G16/I16,0)
A17: 1 | B17: 12 | C17: =IF(MAO_OBRA!A17="","",MAO_OBRA!A17) | D17: =IF(MAO_OBRA!B17="","",MAO_OBRA!B17) | E17: =MAO_OBRA!O17 | F17: =PARAMETROS!$C$4*(MAO_OBRA!C17*PARAMETROS!$C$18*PARAMETROS!$F$11+MAO_OBRA!D17*PARAMETROS!$C$19*PARAMETROS!$F$12+MAO_OBRA!E17*PARAMETROS!$C$20*PARAMETROS!$F$13) | G17: =F17*PARAMETROS!$C$23*PARAMETROS!$C$24 | H17: =PARAMETROS!$C$22*PARAMETROS!$C$21*E17*PARAMETROS!$C$23*PARAMETROS!$C$24 | I17: =IF(C17="",0,PARAMETROS!$C$25/60*(IF(PARAMETROS!$C$27="Real",SUMPRODUCT((BASE!$E$6:$E$205=C17)*BASE!$P$6:$P$205*BASE!$L$6:$L$205*BASE!$N$6:$N$205),SUMPRODUCT((BASE!$E$6:$E$205=C17)*BASE!$P$6:$P$205*BASE!$L$6:$L$205*BASE!$H$6:$H$205))*PARAMETROS!$C$26+SUMPRODUCT((BASE!$E$6:$E$205=C17)*BASE!$P$6:$P$205*BASE!$L$6:$L$205*BASE!$O$6:$O$205))) | J17: =IF(G17>0,I17/G17,0) | K17: =G17-I17 | L17: =MAX(0,K17) | M17: =MAX(0,-K17) | N17: =M17 | O17: =IF(PARAMETROS!$C$28>0,M17/PARAMETROS!$C$28,0) | P17: =IF(PARAMETROS!$C$8="Nominal",IF(F17>0,I17/F17,0),J17) | Q17: =IF(C17="","",IF(I17=0,"SEM CARGA",IF(OR(G17=0,J17>=PARAMETROS!$C$7),"INSUFICIENTE",IF(J17>=PARAMETROS!$C$6,"ATENÇÃO","OK")))) | R17: =IF(G17+H17>0,I17/(G17+H17),0) | S17: =G17/PARAMETROS!$C$4 | T17: =S17*PARAMETROS!$C$5 | U17: =IF(I17>0,SUMIF(BASE!$E$6:$E$205,C17,BASE!$L$6:$L$205)*PARAMETROS!$C$25*G17/I17,0)
... A20: 1 | B20: 15 | C20: =IF(MAO_OBRA!A20="","",MAO_OBRA!A20) | D20: =IF(MAO_OBRA!B20="","",MAO_OBRA!B20) | E20: =MAO_OBRA!O20 | F20: =PARAMETROS!$C$4*(MAO_OBRA!C20*PARAMETROS!$C$18*PARAMETROS!$F$11+MAO_OBRA!D20*PARAMETROS!$C$19*PARAMETROS!$F$12+MAO_OBRA!E20*PARAMETROS!$C$20*PARAMETROS!$F$13) | G20: =F20*PARAMETROS!$C$23*PARAMETROS!$C$24 | H20: =PARAMETROS!$C$22*PARAMETROS!$C$21*E20*PARAMETROS!$C$23*PARAMETROS!$C$24 | I20: =IF(C20="",0,PARAMETROS!$C$25/60*(IF(PARAMETROS!$C$27="Real",SUMPRODUCT((BASE!$E$6:$E$205=C20)*BASE!$P$6:$P$205*BASE!$L$6:$L$205*BASE!$N$6:$N$205),SUMPRODUCT((BASE!$E$6:$E$205=C20)*BASE!$P$6:$P$205*BASE!$L$6:$L$205*BASE!$H$6:$H$205))*PARAMETROS!$C$26+SUMPRODUCT((BASE!$E$6:$E$205=C20)*BASE!$P$6:$P$205*BASE!$L$6:$L$205*BASE!$O$6:$O$205))) | J20: =IF(G20>0,I20/G20,0) | K20: =G20-I20 | L20: =MAX(0,K20) | M20: =MAX(0,-K20) | N20: =M20 | O20: =IF(PARAMETROS!$C$28>0,M20/PARAMETROS!$C$28,0) | P20: =IF(PARAMETROS!$C$8="Nominal",IF(F20>0,I20/F20,0),J20) | Q20: =IF(C20="","",IF(I20=0,"SEM CARGA",IF(OR(G20=0,J20>=PARAMETROS!$C$7),"INSUFICIENTE",IF(J20>=PARAMETROS!$C$6,"ATENÇÃO","OK")))) | R20: =IF(G20+H20>0,I20/(G20+H20),0) | S20: =G20/PARAMETROS!$C$4 | T20: =S20*PARAMETROS!$C$5 | U20: =IF(I20>0,SUMIF(BASE!$E$6:$E$205,C20,BASE!$L$6:$L$205)*PARAMETROS!$C$25*G20/I20,0)
A21: 2 | B21: 1 | C21: =IF(MAO_OBRA!A6="","",MAO_OBRA!A6) | D21: =IF(MAO_OBRA!B6="","",MAO_OBRA!B6) | E21: =MAO_OBRA!P6 | F21: =PARAMETROS!$C$4*(MAO_OBRA!F6*PARAMETROS!$D$18*PARAMETROS!$F$11+MAO_OBRA!G6*PARAMETROS!$D$19*PARAMETROS!$F$12+MAO_OBRA!H6*PARAMETROS!$D$20*PARAMETROS!$F$13) | G21: =F21*PARAMETROS!$D$23*PARAMETROS!$D$24 | H21: =PARAMETROS!$D$22*PARAMETROS!$D$21*E21*PARAMETROS!$D$23*PARAMETROS!$D$24 | I21: =IF(C21="",0,PARAMETROS!$D$25/60*(IF(PARAMETROS!$D$27="Real",SUMPRODUCT((BASE!$E$6:$E$205=C21)*BASE!$P$6:$P$205*BASE!$L$6:$L$205*BASE!$N$6:$N$205),SUMPRODUCT((BASE!$E$6:$E$205=C21)*BASE!$P$6:$P$205*BASE!$L$6:$L$205*BASE!$H$6:$H$205))*PARAMETROS!$D$26+SUMPRODUCT((BASE!$E$6:$E$205=C21)*BASE!$P$6:$P$205*BASE!$L$6:$L$205*BASE!$O$6:$O$205))) | J21: =IF(G21>0,I21/G21,0) | K21: =G21-I21 | L21: =MAX(0,K21) | M21: =MAX(0,-K21) | N21: =M21 | O21: =IF(PARAMETROS!$D$28>0,M21/PARAMETROS!$D$28,0) | P21: =IF(PARAMETROS!$C$8="Nominal",IF(F21>0,I21/F21,0),J21) | Q21: =IF(C21="","",IF(I21=0,"SEM CARGA",IF(OR(G21=0,J21>=PARAMETROS!$C$7),"INSUFICIENTE",IF(J21>=PARAMETROS!$C$6,"ATENÇÃO","OK")))) | R21: =IF(G21+H21>0,I21/(G21+H21),0) | S21: =G21/PARAMETROS!$C$4 | T21: =S21*PARAMETROS!$C$5 | U21: =IF(I21>0,SUMIF(BASE!$E$6:$E$205,C21,BASE!$L$6:$L$205)*PARAMETROS!$D$25*G21/I21,0)
A22: 2 | B22: 2 | C22: =IF(MAO_OBRA!A7="","",MAO_OBRA!A7) | D22: =IF(MAO_OBRA!B7="","",MAO_OBRA!B7) | E22: =MAO_OBRA!P7 | F22: =PARAMETROS!$C$4*(MAO_OBRA!F7*PARAMETROS!$D$18*PARAMETROS!$F$11+MAO_OBRA!G7*PARAMETROS!$D$19*PARAMETROS!$F$12+MAO_OBRA!H7*PARAMETROS!$D$20*PARAMETROS!$F$13) | G22: =F22*PARAMETROS!$D$23*PARAMETROS!$D$24 | H22: =PARAMETROS!$D$22*PARAMETROS!$D$21*E22*PARAMETROS!$D$23*PARAMETROS!$D$24 | I22: =IF(C22="",0,PARAMETROS!$D$25/60*(IF(PARAMETROS!$D$27="Real",SUMPRODUCT((BASE!$E$6:$E$205=C22)*BASE!$P$6:$P$205*BASE!$L$6:$L$205*BASE!$N$6:$N$205),SUMPRODUCT((BASE!$E$6:$E$205=C22)*BASE!$P$6:$P$205*BASE!$L$6:$L$205*BASE!$H$6:$H$205))*PARAMETROS!$D$26+SUMPRODUCT((BASE!$E$6:$E$205=C22)*BASE!$P$6:$P$205*BASE!$L$6:$L$205*BASE!$O$6:$O$205))) | J22: =IF(G22>0,I22/G22,0) | K22: =G22-I22 | L22: =MAX(0,K22) | M22: =MAX(0,-K22) | N22: =M22 | O22: =IF(PARAMETROS!$D$28>0,M22/PARAMETROS!$D$28,0) | P22: =IF(PARAMETROS!$C$8="Nominal",IF(F22>0,I22/F22,0),J22) | Q22: =IF(C22="","",IF(I22=0,"SEM CARGA",IF(OR(G22=0,J22>=PARAMETROS!$C$7),"INSUFICIENTE",IF(J22>=PARAMETROS!$C$6,"ATENÇÃO","OK")))) | R22: =IF(G22+H22>0,I22/(G22+H22),0) | S22: =G22/PARAMETROS!$C$4 | T22: =S22*PARAMETROS!$C$5 | U22: =IF(I22>0,SUMIF(BASE!$E$6:$E$205,C22,BASE!$L$6:$L$205)*PARAMETROS!$D$25*G22/I22,0)
A23: 2 | B23: 3 | C23: =IF(MAO_OBRA!A8="","",MAO_OBRA!A8) | D23: =IF(MAO_OBRA!B8="","",MAO_OBRA!B8) | E23: =MAO_OBRA!P8 | F23: =PARAMETROS!$C$4*(MAO_OBRA!F8*PARAMETROS!$D$18*PARAMETROS!$F$11+MAO_OBRA!G8*PARAMETROS!$D$19*PARAMETROS!$F$12+MAO_OBRA!H8*PARAMETROS!$D$20*PARAMETROS!$F$13) | G23: =F23*PARAMETROS!$D$23*PARAMETROS!$D$24 | H23: =PARAMETROS!$D$22*PARAMETROS!$D$21*E23*PARAMETROS!$D$23*PARAMETROS!$D$24 | I23: =IF(C23="",0,PARAMETROS!$D$25/60*(IF(PARAMETROS!$D$27="Real",SUMPRODUCT((BASE!$E$6:$E$205=C23)*BASE!$P$6:$P$205*BASE!$L$6:$L$205*BASE!$N$6:$N$205),SUMPRODUCT((BASE!$E$6:$E$205=C23)*BASE!$P$6:$P$205*BASE!$L$6:$L$205*BASE!$H$6:$H$205))*PARAMETROS!$D$26+SUMPRODUCT((BASE!$E$6:$E$205=C23)*BASE!$P$6:$P$205*BASE!$L$6:$L$205*BASE!$O$6:$O$205))) | J23: =IF(G23>0,I23/G23,0) | K23: =G23-I23 | L23: =MAX(0,K23) | M23: =MAX(0,-K23) | N23: =M23 | O23: =IF(PARAMETROS!$D$28>0,M23/PARAMETROS!$D$28,0) | P23: =IF(PARAMETROS!$C$8="Nominal",IF(F23>0,I23/F23,0),J23) | Q23: =IF(C23="","",IF(I23=0,"SEM CARGA",IF(OR(G23=0,J23>=PARAMETROS!$C$7),"INSUFICIENTE",IF(J23>=PARAMETROS!$C$6,"ATENÇÃO","OK")))) | R23: =IF(G23+H23>0,I23/(G23+H23),0) | S23: =G23/PARAMETROS!$C$4 | T23: =S23*PARAMETROS!$C$5 | U23: =IF(I23>0,SUMIF(BASE!$E$6:$E$205,C23,BASE!$L$6:$L$205)*PARAMETROS!$D$25*G23/I23,0)
A24: 2 | B24: 4 | C24: =IF(MAO_OBRA!A9="","",MAO_OBRA!A9) | D24: =IF(MAO_OBRA!B9="","",MAO_OBRA!B9) | E24: =MAO_OBRA!P9 | F24: =PARAMETROS!$C$4*(MAO_OBRA!F9*PARAMETROS!$D$18*PARAMETROS!$F$11+MAO_OBRA!G9*PARAMETROS!$D$19*PARAMETROS!$F$12+MAO_OBRA!H9*PARAMETROS!$D$20*PARAMETROS!$F$13) | G24: =F24*PARAMETROS!$D$23*PARAMETROS!$D$24 | H24: =PARAMETROS!$D$22*PARAMETROS!$D$21*E24*PARAMETROS!$D$23*PARAMETROS!$D$24 | I24: =IF(C24="",0,PARAMETROS!$D$25/60*(IF(PARAMETROS!$D$27="Real",SUMPRODUCT((BASE!$E$6:$E$205=C24)*BASE!$P$6:$P$205*BASE!$L$6:$L$205*BASE!$N$6:$N$205),SUMPRODUCT((BASE!$E$6:$E$205=C24)*BASE!$P$6:$P$205*BASE!$L$6:$L$205*BASE!$H$6:$H$205))*PARAMETROS!$D$26+SUMPRODUCT((BASE!$E$6:$E$205=C24)*BASE!$P$6:$P$205*BASE!$L$6:$L$205*BASE!$O$6:$O$205))) | J24: =IF(G24>0,I24/G24,0) | K24: =G24-I24 | L24: =MAX(0,K24) | M24: =MAX(0,-K24) | N24: =M24 | O24: =IF(PARAMETROS!$D$28>0,M24/PARAMETROS!$D$28,0) | P24: =IF(PARAMETROS!$C$8="Nominal",IF(F24>0,I24/F24,0),J24) | Q24: =IF(C24="","",IF(I24=0,"SEM CARGA",IF(OR(G24=0,J24>=PARAMETROS!$C$7),"INSUFICIENTE",IF(J24>=PARAMETROS!$C$6,"ATENÇÃO","OK")))) | R24: =IF(G24+H24>0,I24/(G24+H24),0) | S24: =G24/PARAMETROS!$C$4 | T24: =S24*PARAMETROS!$C$5 | U24: =IF(I24>0,SUMIF(BASE!$E$6:$E$205,C24,BASE!$L$6:$L$205)*PARAMETROS!$D$25*G24/I24,0)
A25: 2 | B25: 5 | C25: =IF(MAO_OBRA!A10="","",MAO_OBRA!A10) | D25: =IF(MAO_OBRA!B10="","",MAO_OBRA!B10) | E25: =MAO_OBRA!P10 | F25: =PARAMETROS!$C$4*(MAO_OBRA!F10*PARAMETROS!$D$18*PARAMETROS!$F$11+MAO_OBRA!G10*PARAMETROS!$D$19*PARAMETROS!$F$12+MAO_OBRA!H10*PARAMETROS!$D$20*PARAMETROS!$F$13) | G25: =F25*PARAMETROS!$D$23*PARAMETROS!$D$24 | H25: =PARAMETROS!$D$22*PARAMETROS!$D$21*E25*PARAMETROS!$D$23*PARAMETROS!$D$24 | I25: =IF(C25="",0,PARAMETROS!$D$25/60*(IF(PARAMETROS!$D$27="Real",SUMPRODUCT((BASE!$E$6:$E$205=C25)*BASE!$P$6:$P$205*BASE!$L$6:$L$205*BASE!$N$6:$N$205),SUMPRODUCT((BASE!$E$6:$E$205=C25)*BASE!$P$6:$P$205*BASE!$L$6:$L$205*BASE!$H$6:$H$205))*PARAMETROS!$D$26+SUMPRODUCT((BASE!$E$6:$E$205=C25)*BASE!$P$6:$P$205*BASE!$L$6:$L$205*BASE!$O$6:$O$205))) | J25: =IF(G25>0,I25/G25,0) | K25: =G25-I25 | L25: =MAX(0,K25) | M25: =MAX(0,-K25) | N25: =M25 | O25: =IF(PARAMETROS!$D$28>0,M25/PARAMETROS!$D$28,0) | P25: =IF(PARAMETROS!$C$8="Nominal",IF(F25>0,I25/F25,0),J25) | Q25: =IF(C25="","",IF(I25=0,"SEM CARGA",IF(OR(G25=0,J25>=PARAMETROS!$C$7),"INSUFICIENTE",IF(J25>=PARAMETROS!$C$6,"ATENÇÃO","OK")))) | R25: =IF(G25+H25>0,I25/(G25+H25),0) | S25: =G25/PARAMETROS!$C$4 | T25: =S25*PARAMETROS!$C$5 | U25: =IF(I25>0,SUMIF(BASE!$E$6:$E$205,C25,BASE!$L$6:$L$205)*PARAMETROS!$D$25*G25/I25,0)
A26: 2 | B26: 6 | C26: =IF(MAO_OBRA!A11="","",MAO_OBRA!A11) | D26: =IF(MAO_OBRA!B11="","",MAO_OBRA!B11) | E26: =MAO_OBRA!P11 | F26: =PARAMETROS!$C$4*(MAO_OBRA!F11*PARAMETROS!$D$18*PARAMETROS!$F$11+MAO_OBRA!G11*PARAMETROS!$D$19*PARAMETROS!$F$12+MAO_OBRA!H11*PARAMETROS!$D$20*PARAMETROS!$F$13) | G26: =F26*PARAMETROS!$D$23*PARAMETROS!$D$24 | H26: =PARAMETROS!$D$22*PARAMETROS!$D$21*E26*PARAMETROS!$D$23*PARAMETROS!$D$24 | I26: =IF(C26="",0,PARAMETROS!$D$25/60*(IF(PARAMETROS!$D$27="Real",SUMPRODUCT((BASE!$E$6:$E$205=C26)*BASE!$P$6:$P$205*BASE!$L$6:$L$205*BASE!$N$6:$N$205),SUMPRODUCT((BASE!$E$6:$E$205=C26)*BASE!$P$6:$P$205*BASE!$L$6:$L$205*BASE!$H$6:$H$205))*PARAMETROS!$D$26+SUMPRODUCT((BASE!$E$6:$E$205=C26)*BASE!$P$6:$P$205*BASE!$L$6:$L$205*BASE!$O$6:$O$205))) | J26: =IF(G26>0,I26/G26,0) | K26: =G26-I26 | L26: =MAX(0,K26) | M26: =MAX(0,-K26) | N26: =M26 | O26: =IF(PARAMETROS!$D$28>0,M26/PARAMETROS!$D$28,0) | P26: =IF(PARAMETROS!$C$8="Nominal",IF(F26>0,I26/F26,0),J26) | Q26: =IF(C26="","",IF(I26=0,"SEM CARGA",IF(OR(G26=0,J26>=PARAMETROS!$C$7),"INSUFICIENTE",IF(J26>=PARAMETROS!$C$6,"ATENÇÃO","OK")))) | R26: =IF(G26+H26>0,I26/(G26+H26),0) | S26: =G26/PARAMETROS!$C$4 | T26: =S26*PARAMETROS!$C$5 | U26: =IF(I26>0,SUMIF(BASE!$E$6:$E$205,C26,BASE!$L$6:$L$205)*PARAMETROS!$D$25*G26/I26,0)
A27: 2 | B27: 7 | C27: =IF(MAO_OBRA!A12="","",MAO_OBRA!A12) | D27: =IF(MAO_OBRA!B12="","",MAO_OBRA!B12) | E27: =MAO_OBRA!P12 | F27: =PARAMETROS!$C$4*(MAO_OBRA!F12*PARAMETROS!$D$18*PARAMETROS!$F$11+MAO_OBRA!G12*PARAMETROS!$D$19*PARAMETROS!$F$12+MAO_OBRA!H12*PARAMETROS!$D$20*PARAMETROS!$F$13) | G27: =F27*PARAMETROS!$D$23*PARAMETROS!$D$24 | H27: =PARAMETROS!$D$22*PARAMETROS!$D$21*E27*PARAMETROS!$D$23*PARAMETROS!$D$24 | I27: =IF(C27="",0,PARAMETROS!$D$25/60*(IF(PARAMETROS!$D$27="Real",SUMPRODUCT((BASE!$E$6:$E$205=C27)*BASE!$P$6:$P$205*BASE!$L$6:$L$205*BASE!$N$6:$N$205),SUMPRODUCT((BASE!$E$6:$E$205=C27)*BASE!$P$6:$P$205*BASE!$L$6:$L$205*BASE!$H$6:$H$205))*PARAMETROS!$D$26+SUMPRODUCT((BASE!$E$6:$E$205=C27)*BASE!$P$6:$P$205*BASE!$L$6:$L$205*BASE!$O$6:$O$205))) | J27: =IF(G27>0,I27/G27,0) | K27: =G27-I27 | L27: =MAX(0,K27) | M27: =MAX(0,-K27) | N27: =M27 | O27: =IF(PARAMETROS!$D$28>0,M27/PARAMETROS!$D$28,0) | P27: =IF(PARAMETROS!$C$8="Nominal",IF(F27>0,I27/F27,0),J27) | Q27: =IF(C27="","",IF(I27=0,"SEM CARGA",IF(OR(G27=0,J27>=PARAMETROS!$C$7),"INSUFICIENTE",IF(J27>=PARAMETROS!$C$6,"ATENÇÃO","OK")))) | R27: =IF(G27+H27>0,I27/(G27+H27),0) | S27: =G27/PARAMETROS!$C$4 | T27: =S27*PARAMETROS!$C$5 | U27: =IF(I27>0,SUMIF(BASE!$E$6:$E$205,C27,BASE!$L$6:$L$205)*PARAMETROS!$D$25*G27/I27,0)
A28: 2 | B28: 8 | C28: =IF(MAO_OBRA!A13="","",MAO_OBRA!A13) | D28: =IF(MAO_OBRA!B13="","",MAO_OBRA!B13) | E28: =MAO_OBRA!P13 | F28: =PARAMETROS!$C$4*(MAO_OBRA!F13*PARAMETROS!$D$18*PARAMETROS!$F$11+MAO_OBRA!G13*PARAMETROS!$D$19*PARAMETROS!$F$12+MAO_OBRA!H13*PARAMETROS!$D$20*PARAMETROS!$F$13) | G28: =F28*PARAMETROS!$D$23*PARAMETROS!$D$24 | H28: =PARAMETROS!$D$22*PARAMETROS!$D$21*E28*PARAMETROS!$D$23*PARAMETROS!$D$24 | I28: =IF(C28="",0,PARAMETROS!$D$25/60*(IF(PARAMETROS!$D$27="Real",SUMPRODUCT((BASE!$E$6:$E$205=C28)*BASE!$P$6:$P$205*BASE!$L$6:$L$205*BASE!$N$6:$N$205),SUMPRODUCT((BASE!$E$6:$E$205=C28)*BASE!$P$6:$P$205*BASE!$L$6:$L$205*BASE!$H$6:$H$205))*PARAMETROS!$D$26+SUMPRODUCT((BASE!$E$6:$E$205=C28)*BASE!$P$6:$P$205*BASE!$L$6:$L$205*BASE!$O$6:$O$205))) | J28: =IF(G28>0,I28/G28,0) | K28: =G28-I28 | L28: =MAX(0,K28) | M28: =MAX(0,-K28) | N28: =M28 | O28: =IF(PARAMETROS!$D$28>0,M28/PARAMETROS!$D$28,0) | P28: =IF(PARAMETROS!$C$8="Nominal",IF(F28>0,I28/F28,0),J28) | Q28: =IF(C28="","",IF(I28=0,"SEM CARGA",IF(OR(G28=0,J28>=PARAMETROS!$C$7),"INSUFICIENTE",IF(J28>=PARAMETROS!$C$6,"ATENÇÃO","OK")))) | R28: =IF(G28+H28>0,I28/(G28+H28),0) | S28: =G28/PARAMETROS!$C$4 | T28: =S28*PARAMETROS!$C$5 | U28: =IF(I28>0,SUMIF(BASE!$E$6:$E$205,C28,BASE!$L$6:$L$205)*PARAMETROS!$D$25*G28/I28,0)
A29: 2 | B29: 9 | C29: =IF(MAO_OBRA!A14="","",MAO_OBRA!A14) | D29: =IF(MAO_OBRA!B14="","",MAO_OBRA!B14) | E29: =MAO_OBRA!P14 | F29: =PARAMETROS!$C$4*(MAO_OBRA!F14*PARAMETROS!$D$18*PARAMETROS!$F$11+MAO_OBRA!G14*PARAMETROS!$D$19*PARAMETROS!$F$12+MAO_OBRA!H14*PARAMETROS!$D$20*PARAMETROS!$F$13) | G29: =F29*PARAMETROS!$D$23*PARAMETROS!$D$24 | H29: =PARAMETROS!$D$22*PARAMETROS!$D$21*E29*PARAMETROS!$D$23*PARAMETROS!$D$24 | I29: =IF(C29="",0,PARAMETROS!$D$25/60*(IF(PARAMETROS!$D$27="Real",SUMPRODUCT((BASE!$E$6:$E$205=C29)*BASE!$P$6:$P$205*BASE!$L$6:$L$205*BASE!$N$6:$N$205),SUMPRODUCT((BASE!$E$6:$E$205=C29)*BASE!$P$6:$P$205*BASE!$L$6:$L$205*BASE!$H$6:$H$205))*PARAMETROS!$D$26+SUMPRODUCT((BASE!$E$6:$E$205=C29)*BASE!$P$6:$P$205*BASE!$L$6:$L$205*BASE!$O$6:$O$205))) | J29: =IF(G29>0,I29/G29,0) | K29: =G29-I29 | L29: =MAX(0,K29) | M29: =MAX(0,-K29) | N29: =M29 | O29: =IF(PARAMETROS!$D$28>0,M29/PARAMETROS!$D$28,0) | P29: =IF(PARAMETROS!$C$8="Nominal",IF(F29>0,I29/F29,0),J29) | Q29: =IF(C29="","",IF(I29=0,"SEM CARGA",IF(OR(G29=0,J29>=PARAMETROS!$C$7),"INSUFICIENTE",IF(J29>=PARAMETROS!$C$6,"ATENÇÃO","OK")))) | R29: =IF(G29+H29>0,I29/(G29+H29),0) | S29: =G29/PARAMETROS!$C$4 | T29: =S29*PARAMETROS!$C$5 | U29: =IF(I29>0,SUMIF(BASE!$E$6:$E$205,C29,BASE!$L$6:$L$205)*PARAMETROS!$D$25*G29/I29,0)
A30: 2 | B30: 10 | C30: =IF(MAO_OBRA!A15="","",MAO_OBRA!A15) | D30: =IF(MAO_OBRA!B15="","",MAO_OBRA!B15) | E30: =MAO_OBRA!P15 | F30: =PARAMETROS!$C$4*(MAO_OBRA!F15*PARAMETROS!$D$18*PARAMETROS!$F$11+MAO_OBRA!G15*PARAMETROS!$D$19*PARAMETROS!$F$12+MAO_OBRA!H15*PARAMETROS!$D$20*PARAMETROS!$F$13) | G30: =F30*PARAMETROS!$D$23*PARAMETROS!$D$24 | H30: =PARAMETROS!$D$22*PARAMETROS!$D$21*E30*PARAMETROS!$D$23*PARAMETROS!$D$24 | I30: =IF(C30="",0,PARAMETROS!$D$25/60*(IF(PARAMETROS!$D$27="Real",SUMPRODUCT((BASE!$E$6:$E$205=C30)*BASE!$P$6:$P$205*BASE!$L$6:$L$205*BASE!$N$6:$N$205),SUMPRODUCT((BASE!$E$6:$E$205=C30)*BASE!$P$6:$P$205*BASE!$L$6:$L$205*BASE!$H$6:$H$205))*PARAMETROS!$D$26+SUMPRODUCT((BASE!$E$6:$E$205=C30)*BASE!$P$6:$P$205*BASE!$L$6:$L$205*BASE!$O$6:$O$205))) | J30: =IF(G30>0,I30/G30,0) | K30: =G30-I30 | L30: =MAX(0,K30) | M30: =MAX(0,-K30) | N30: =M30 | O30: =IF(PARAMETROS!$D$28>0,M30/PARAMETROS!$D$28,0) | P30: =IF(PARAMETROS!$C$8="Nominal",IF(F30>0,I30/F30,0),J30) | Q30: =IF(C30="","",IF(I30=0,"SEM CARGA",IF(OR(G30=0,J30>=PARAMETROS!$C$7),"INSUFICIENTE",IF(J30>=PARAMETROS!$C$6,"ATENÇÃO","OK")))) | R30: =IF(G30+H30>0,I30/(G30+H30),0) | S30: =G30/PARAMETROS!$C$4 | T30: =S30*PARAMETROS!$C$5 | U30: =IF(I30>0,SUMIF(BASE!$E$6:$E$205,C30,BASE!$L$6:$L$205)*PARAMETROS!$D$25*G30/I30,0)
A31: 2 | B31: 11 | C31: =IF(MAO_OBRA!A16="","",MAO_OBRA!A16) | D31: =IF(MAO_OBRA!B16="","",MAO_OBRA!B16) | E31: =MAO_OBRA!P16 | F31: =PARAMETROS!$C$4*(MAO_OBRA!F16*PARAMETROS!$D$18*PARAMETROS!$F$11+MAO_OBRA!G16*PARAMETROS!$D$19*PARAMETROS!$F$12+MAO_OBRA!H16*PARAMETROS!$D$20*PARAMETROS!$F$13) | G31: =F31*PARAMETROS!$D$23*PARAMETROS!$D$24 | H31: =PARAMETROS!$D$22*PARAMETROS!$D$21*E31*PARAMETROS!$D$23*PARAMETROS!$D$24 | I31: =IF(C31="",0,PARAMETROS!$D$25/60*(IF(PARAMETROS!$D$27="Real",SUMPRODUCT((BASE!$E$6:$E$205=C31)*BASE!$P$6:$P$205*BASE!$L$6:$L$205*BASE!$N$6:$N$205),SUMPRODUCT((BASE!$E$6:$E$205=C31)*BASE!$P$6:$P$205*BASE!$L$6:$L$205*BASE!$H$6:$H$205))*PARAMETROS!$D$26+SUMPRODUCT((BASE!$E$6:$E$205=C31)*BASE!$P$6:$P$205*BASE!$L$6:$L$205*BASE!$O$6:$O$205))) | J31: =IF(G31>0,I31/G31,0) | K31: =G31-I31 | L31: =MAX(0,K31) | M31: =MAX(0,-K31) | N31: =M31 | O31: =IF(PARAMETROS!$D$28>0,M31/PARAMETROS!$D$28,0) | P31: =IF(PARAMETROS!$C$8="Nominal",IF(F31>0,I31/F31,0),J31) | Q31: =IF(C31="","",IF(I31=0,"SEM CARGA",IF(OR(G31=0,J31>=PARAMETROS!$C$7),"INSUFICIENTE",IF(J31>=PARAMETROS!$C$6,"ATENÇÃO","OK")))) | R31: =IF(G31+H31>0,I31/(G31+H31),0) | S31: =G31/PARAMETROS!$C$4 | T31: =S31*PARAMETROS!$C$5 | U31: =IF(I31>0,SUMIF(BASE!$E$6:$E$205,C31,BASE!$L$6:$L$205)*PARAMETROS!$D$25*G31/I31,0)
A32: 2 | B32: 12 | C32: =IF(MAO_OBRA!A17="","",MAO_OBRA!A17) | D32: =IF(MAO_OBRA!B17="","",MAO_OBRA!B17) | E32: =MAO_OBRA!P17 | F32: =PARAMETROS!$C$4*(MAO_OBRA!F17*PARAMETROS!$D$18*PARAMETROS!$F$11+MAO_OBRA!G17*PARAMETROS!$D$19*PARAMETROS!$F$12+MAO_OBRA!H17*PARAMETROS!$D$20*PARAMETROS!$F$13) | G32: =F32*PARAMETROS!$D$23*PARAMETROS!$D$24 | H32: =PARAMETROS!$D$22*PARAMETROS!$D$21*E32*PARAMETROS!$D$23*PARAMETROS!$D$24 | I32: =IF(C32="",0,PARAMETROS!$D$25/60*(IF(PARAMETROS!$D$27="Real",SUMPRODUCT((BASE!$E$6:$E$205=C32)*BASE!$P$6:$P$205*BASE!$L$6:$L$205*BASE!$N$6:$N$205),SUMPRODUCT((BASE!$E$6:$E$205=C32)*BASE!$P$6:$P$205*BASE!$L$6:$L$205*BASE!$H$6:$H$205))*PARAMETROS!$D$26+SUMPRODUCT((BASE!$E$6:$E$205=C32)*BASE!$P$6:$P$205*BASE!$L$6:$L$205*BASE!$O$6:$O$205))) | J32: =IF(G32>0,I32/G32,0) | K32: =G32-I32 | L32: =MAX(0,K32) | M32: =MAX(0,-K32) | N32: =M32 | O32: =IF(PARAMETROS!$D$28>0,M32/PARAMETROS!$D$28,0) | P32: =IF(PARAMETROS!$C$8="Nominal",IF(F32>0,I32/F32,0),J32) | Q32: =IF(C32="","",IF(I32=0,"SEM CARGA",IF(OR(G32=0,J32>=PARAMETROS!$C$7),"INSUFICIENTE",IF(J32>=PARAMETROS!$C$6,"ATENÇÃO","OK")))) | R32: =IF(G32+H32>0,I32/(G32+H32),0) | S32: =G32/PARAMETROS!$C$4 | T32: =S32*PARAMETROS!$C$5 | U32: =IF(I32>0,SUMIF(BASE!$E$6:$E$205,C32,BASE!$L$6:$L$205)*PARAMETROS!$D$25*G32/I32,0)
... A35: 2 | B35: 15 | C35: =IF(MAO_OBRA!A20="","",MAO_OBRA!A20) | D35: =IF(MAO_OBRA!B20="","",MAO_OBRA!B20) | E35: =MAO_OBRA!P20 | F35: =PARAMETROS!$C$4*(MAO_OBRA!F20*PARAMETROS!$D$18*PARAMETROS!$F$11+MAO_OBRA!G20*PARAMETROS!$D$19*PARAMETROS!$F$12+MAO_OBRA!H20*PARAMETROS!$D$20*PARAMETROS!$F$13) | G35: =F35*PARAMETROS!$D$23*PARAMETROS!$D$24 | H35: =PARAMETROS!$D$22*PARAMETROS!$D$21*E35*PARAMETROS!$D$23*PARAMETROS!$D$24 | I35: =IF(C35="",0,PARAMETROS!$D$25/60*(IF(PARAMETROS!$D$27="Real",SUMPRODUCT((BASE!$E$6:$E$205=C35)*BASE!$P$6:$P$205*BASE!$L$6:$L$205*BASE!$N$6:$N$205),SUMPRODUCT((BASE!$E$6:$E$205=C35)*BASE!$P$6:$P$205*BASE!$L$6:$L$205*BASE!$H$6:$H$205))*PARAMETROS!$D$26+SUMPRODUCT((BASE!$E$6:$E$205=C35)*BASE!$P$6:$P$205*BASE!$L$6:$L$205*BASE!$O$6:$O$205))) | J35: =IF(G35>0,I35/G35,0) | K35: =G35-I35 | L35: =MAX(0,K35) | M35: =MAX(0,-K35) | N35: =M35 | O35: =IF(PARAMETROS!$D$28>0,M35/PARAMETROS!$D$28,0) | P35: =IF(PARAMETROS!$C$8="Nominal",IF(F35>0,I35/F35,0),J35) | Q35: =IF(C35="","",IF(I35=0,"SEM CARGA",IF(OR(G35=0,J35>=PARAMETROS!$C$7),"INSUFICIENTE",IF(J35>=PARAMETROS!$C$6,"ATENÇÃO","OK")))) | R35: =IF(G35+H35>0,I35/(G35+H35),0) | S35: =G35/PARAMETROS!$C$4 | T35: =S35*PARAMETROS!$C$5 | U35: =IF(I35>0,SUMIF(BASE!$E$6:$E$205,C35,BASE!$L$6:$L$205)*PARAMETROS!$D$25*G35/I35,0)
A36: 3 | B36: 1 | C36: =IF(MAO_OBRA!A6="","",MAO_OBRA!A6) | D36: =IF(MAO_OBRA!B6="","",MAO_OBRA!B6) | E36: =MAO_OBRA!Q6 | F36: =PARAMETROS!$C$4*(MAO_OBRA!I6*PARAMETROS!$E$18*PARAMETROS!$F$11+MAO_OBRA!J6*PARAMETROS!$E$19*PARAMETROS!$F$12+MAO_OBRA!K6*PARAMETROS!$E$20*PARAMETROS!$F$13) | G36: =F36*PARAMETROS!$E$23*PARAMETROS!$E$24 | H36: =PARAMETROS!$E$22*PARAMETROS!$E$21*E36*PARAMETROS!$E$23*PARAMETROS!$E$24 | I36: =IF(C36="",0,PARAMETROS!$E$25/60*(IF(PARAMETROS!$E$27="Real",SUMPRODUCT((BASE!$E$6:$E$205=C36)*BASE!$P$6:$P$205*BASE!$L$6:$L$205*BASE!$N$6:$N$205),SUMPRODUCT((BASE!$E$6:$E$205=C36)*BASE!$P$6:$P$205*BASE!$L$6:$L$205*BASE!$H$6:$H$205))*PARAMETROS!$E$26+SUMPRODUCT((BASE!$E$6:$E$205=C36)*BASE!$P$6:$P$205*BASE!$L$6:$L$205*BASE!$O$6:$O$205))) | J36: =IF(G36>0,I36/G36,0) | K36: =G36-I36 | L36: =MAX(0,K36) | M36: =MAX(0,-K36) | N36: =M36 | O36: =IF(PARAMETROS!$E$28>0,M36/PARAMETROS!$E$28,0) | P36: =IF(PARAMETROS!$C$8="Nominal",IF(F36>0,I36/F36,0),J36) | Q36: =IF(C36="","",IF(I36=0,"SEM CARGA",IF(OR(G36=0,J36>=PARAMETROS!$C$7),"INSUFICIENTE",IF(J36>=PARAMETROS!$C$6,"ATENÇÃO","OK")))) | R36: =IF(G36+H36>0,I36/(G36+H36),0) | S36: =G36/PARAMETROS!$C$4 | T36: =S36*PARAMETROS!$C$5 | U36: =IF(I36>0,SUMIF(BASE!$E$6:$E$205,C36,BASE!$L$6:$L$205)*PARAMETROS!$E$25*G36/I36,0)
A37: 3 | B37: 2 | C37: =IF(MAO_OBRA!A7="","",MAO_OBRA!A7) | D37: =IF(MAO_OBRA!B7="","",MAO_OBRA!B7) | E37: =MAO_OBRA!Q7 | F37: =PARAMETROS!$C$4*(MAO_OBRA!I7*PARAMETROS!$E$18*PARAMETROS!$F$11+MAO_OBRA!J7*PARAMETROS!$E$19*PARAMETROS!$F$12+MAO_OBRA!K7*PARAMETROS!$E$20*PARAMETROS!$F$13) | G37: =F37*PARAMETROS!$E$23*PARAMETROS!$E$24 | H37: =PARAMETROS!$E$22*PARAMETROS!$E$21*E37*PARAMETROS!$E$23*PARAMETROS!$E$24 | I37: =IF(C37="",0,PARAMETROS!$E$25/60*(IF(PARAMETROS!$E$27="Real",SUMPRODUCT((BASE!$E$6:$E$205=C37)*BASE!$P$6:$P$205*BASE!$L$6:$L$205*BASE!$N$6:$N$205),SUMPRODUCT((BASE!$E$6:$E$205=C37)*BASE!$P$6:$P$205*BASE!$L$6:$L$205*BASE!$H$6:$H$205))*PARAMETROS!$E$26+SUMPRODUCT((BASE!$E$6:$E$205=C37)*BASE!$P$6:$P$205*BASE!$L$6:$L$205*BASE!$O$6:$O$205))) | J37: =IF(G37>0,I37/G37,0) | K37: =G37-I37 | L37: =MAX(0,K37) | M37: =MAX(0,-K37) | N37: =M37 | O37: =IF(PARAMETROS!$E$28>0,M37/PARAMETROS!$E$28,0) | P37: =IF(PARAMETROS!$C$8="Nominal",IF(F37>0,I37/F37,0),J37) | Q37: =IF(C37="","",IF(I37=0,"SEM CARGA",IF(OR(G37=0,J37>=PARAMETROS!$C$7),"INSUFICIENTE",IF(J37>=PARAMETROS!$C$6,"ATENÇÃO","OK")))) | R37: =IF(G37+H37>0,I37/(G37+H37),0) | S37: =G37/PARAMETROS!$C$4 | T37: =S37*PARAMETROS!$C$5 | U37: =IF(I37>0,SUMIF(BASE!$E$6:$E$205,C37,BASE!$L$6:$L$205)*PARAMETROS!$E$25*G37/I37,0)
A38: 3 | B38: 3 | C38: =IF(MAO_OBRA!A8="","",MAO_OBRA!A8) | D38: =IF(MAO_OBRA!B8="","",MAO_OBRA!B8) | E38: =MAO_OBRA!Q8 | F38: =PARAMETROS!$C$4*(MAO_OBRA!I8*PARAMETROS!$E$18*PARAMETROS!$F$11+MAO_OBRA!J8*PARAMETROS!$E$19*PARAMETROS!$F$12+MAO_OBRA!K8*PARAMETROS!$E$20*PARAMETROS!$F$13) | G38: =F38*PARAMETROS!$E$23*PARAMETROS!$E$24 | H38: =PARAMETROS!$E$22*PARAMETROS!$E$21*E38*PARAMETROS!$E$23*PARAMETROS!$E$24 | I38: =IF(C38="",0,PARAMETROS!$E$25/60*(IF(PARAMETROS!$E$27="Real",SUMPRODUCT((BASE!$E$6:$E$205=C38)*BASE!$P$6:$P$205*BASE!$L$6:$L$205*BASE!$N$6:$N$205),SUMPRODUCT((BASE!$E$6:$E$205=C38)*BASE!$P$6:$P$205*BASE!$L$6:$L$205*BASE!$H$6:$H$205))*PARAMETROS!$E$26+SUMPRODUCT((BASE!$E$6:$E$205=C38)*BASE!$P$6:$P$205*BASE!$L$6:$L$205*BASE!$O$6:$O$205))) | J38: =IF(G38>0,I38/G38,0) | K38: =G38-I38 | L38: =MAX(0,K38) | M38: =MAX(0,-K38) | N38: =M38 | O38: =IF(PARAMETROS!$E$28>0,M38/PARAMETROS!$E$28,0) | P38: =IF(PARAMETROS!$C$8="Nominal",IF(F38>0,I38/F38,0),J38) | Q38: =IF(C38="","",IF(I38=0,"SEM CARGA",IF(OR(G38=0,J38>=PARAMETROS!$C$7),"INSUFICIENTE",IF(J38>=PARAMETROS!$C$6,"ATENÇÃO","OK")))) | R38: =IF(G38+H38>0,I38/(G38+H38),0) | S38: =G38/PARAMETROS!$C$4 | T38: =S38*PARAMETROS!$C$5 | U38: =IF(I38>0,SUMIF(BASE!$E$6:$E$205,C38,BASE!$L$6:$L$205)*PARAMETROS!$E$25*G38/I38,0)
A39: 3 | B39: 4 | C39: =IF(MAO_OBRA!A9="","",MAO_OBRA!A9) | D39: =IF(MAO_OBRA!B9="","",MAO_OBRA!B9) | E39: =MAO_OBRA!Q9 | F39: =PARAMETROS!$C$4*(MAO_OBRA!I9*PARAMETROS!$E$18*PARAMETROS!$F$11+MAO_OBRA!J9*PARAMETROS!$E$19*PARAMETROS!$F$12+MAO_OBRA!K9*PARAMETROS!$E$20*PARAMETROS!$F$13) | G39: =F39*PARAMETROS!$E$23*PARAMETROS!$E$24 | H39: =PARAMETROS!$E$22*PARAMETROS!$E$21*E39*PARAMETROS!$E$23*PARAMETROS!$E$24 | I39: =IF(C39="",0,PARAMETROS!$E$25/60*(IF(PARAMETROS!$E$27="Real",SUMPRODUCT((BASE!$E$6:$E$205=C39)*BASE!$P$6:$P$205*BASE!$L$6:$L$205*BASE!$N$6:$N$205),SUMPRODUCT((BASE!$E$6:$E$205=C39)*BASE!$P$6:$P$205*BASE!$L$6:$L$205*BASE!$H$6:$H$205))*PARAMETROS!$E$26+SUMPRODUCT((BASE!$E$6:$E$205=C39)*BASE!$P$6:$P$205*BASE!$L$6:$L$205*BASE!$O$6:$O$205))) | J39: =IF(G39>0,I39/G39,0) | K39: =G39-I39 | L39: =MAX(0,K39) | M39: =MAX(0,-K39) | N39: =M39 | O39: =IF(PARAMETROS!$E$28>0,M39/PARAMETROS!$E$28,0) | P39: =IF(PARAMETROS!$C$8="Nominal",IF(F39>0,I39/F39,0),J39) | Q39: =IF(C39="","",IF(I39=0,"SEM CARGA",IF(OR(G39=0,J39>=PARAMETROS!$C$7),"INSUFICIENTE",IF(J39>=PARAMETROS!$C$6,"ATENÇÃO","OK")))) | R39: =IF(G39+H39>0,I39/(G39+H39),0) | S39: =G39/PARAMETROS!$C$4 | T39: =S39*PARAMETROS!$C$5 | U39: =IF(I39>0,SUMIF(BASE!$E$6:$E$205,C39,BASE!$L$6:$L$205)*PARAMETROS!$E$25*G39/I39,0)
A40: 3 | B40: 5 | C40: =IF(MAO_OBRA!A10="","",MAO_OBRA!A10) | D40: =IF(MAO_OBRA!B10="","",MAO_OBRA!B10) | E40: =MAO_OBRA!Q10 | F40: =PARAMETROS!$C$4*(MAO_OBRA!I10*PARAMETROS!$E$18*PARAMETROS!$F$11+MAO_OBRA!J10*PARAMETROS!$E$19*PARAMETROS!$F$12+MAO_OBRA!K10*PARAMETROS!$E$20*PARAMETROS!$F$13) | G40: =F40*PARAMETROS!$E$23*PARAMETROS!$E$24 | H40: =PARAMETROS!$E$22*PARAMETROS!$E$21*E40*PARAMETROS!$E$23*PARAMETROS!$E$24 | I40: =IF(C40="",0,PARAMETROS!$E$25/60*(IF(PARAMETROS!$E$27="Real",SUMPRODUCT((BASE!$E$6:$E$205=C40)*BASE!$P$6:$P$205*BASE!$L$6:$L$205*BASE!$N$6:$N$205),SUMPRODUCT((BASE!$E$6:$E$205=C40)*BASE!$P$6:$P$205*BASE!$L$6:$L$205*BASE!$H$6:$H$205))*PARAMETROS!$E$26+SUMPRODUCT((BASE!$E$6:$E$205=C40)*BASE!$P$6:$P$205*BASE!$L$6:$L$205*BASE!$O$6:$O$205))) | J40: =IF(G40>0,I40/G40,0) | K40: =G40-I40 | L40: =MAX(0,K40) | M40: =MAX(0,-K40) | N40: =M40 | O40: =IF(PARAMETROS!$E$28>0,M40/PARAMETROS!$E$28,0) | P40: =IF(PARAMETROS!$C$8="Nominal",IF(F40>0,I40/F40,0),J40) | Q40: =IF(C40="","",IF(I40=0,"SEM CARGA",IF(OR(G40=0,J40>=PARAMETROS!$C$7),"INSUFICIENTE",IF(J40>=PARAMETROS!$C$6,"ATENÇÃO","OK")))) | R40: =IF(G40+H40>0,I40/(G40+H40),0) | S40: =G40/PARAMETROS!$C$4 | T40: =S40*PARAMETROS!$C$5 | U40: =IF(I40>0,SUMIF(BASE!$E$6:$E$205,C40,BASE!$L$6:$L$205)*PARAMETROS!$E$25*G40/I40,0)
A41: 3 | B41: 6 | C41: =IF(MAO_OBRA!A11="","",MAO_OBRA!A11) | D41: =IF(MAO_OBRA!B11="","",MAO_OBRA!B11) | E41: =MAO_OBRA!Q11 | F41: =PARAMETROS!$C$4*(MAO_OBRA!I11*PARAMETROS!$E$18*PARAMETROS!$F$11+MAO_OBRA!J11*PARAMETROS!$E$19*PARAMETROS!$F$12+MAO_OBRA!K11*PARAMETROS!$E$20*PARAMETROS!$F$13) | G41: =F41*PARAMETROS!$E$23*PARAMETROS!$E$24 | H41: =PARAMETROS!$E$22*PARAMETROS!$E$21*E41*PARAMETROS!$E$23*PARAMETROS!$E$24 | I41: =IF(C41="",0,PARAMETROS!$E$25/60*(IF(PARAMETROS!$E$27="Real",SUMPRODUCT((BASE!$E$6:$E$205=C41)*BASE!$P$6:$P$205*BASE!$L$6:$L$205*BASE!$N$6:$N$205),SUMPRODUCT((BASE!$E$6:$E$205=C41)*BASE!$P$6:$P$205*BASE!$L$6:$L$205*BASE!$H$6:$H$205))*PARAMETROS!$E$26+SUMPRODUCT((BASE!$E$6:$E$205=C41)*BASE!$P$6:$P$205*BASE!$L$6:$L$205*BASE!$O$6:$O$205))) | J41: =IF(G41>0,I41/G41,0) | K41: =G41-I41 | L41: =MAX(0,K41) | M41: =MAX(0,-K41) | N41: =M41 | O41: =IF(PARAMETROS!$E$28>0,M41/PARAMETROS!$E$28,0) | P41: =IF(PARAMETROS!$C$8="Nominal",IF(F41>0,I41/F41,0),J41) | Q41: =IF(C41="","",IF(I41=0,"SEM CARGA",IF(OR(G41=0,J41>=PARAMETROS!$C$7),"INSUFICIENTE",IF(J41>=PARAMETROS!$C$6,"ATENÇÃO","OK")))) | R41: =IF(G41+H41>0,I41/(G41+H41),0) | S41: =G41/PARAMETROS!$C$4 | T41: =S41*PARAMETROS!$C$5 | U41: =IF(I41>0,SUMIF(BASE!$E$6:$E$205,C41,BASE!$L$6:$L$205)*PARAMETROS!$E$25*G41/I41,0)
A42: 3 | B42: 7 | C42: =IF(MAO_OBRA!A12="","",MAO_OBRA!A12) | D42: =IF(MAO_OBRA!B12="","",MAO_OBRA!B12) | E42: =MAO_OBRA!Q12 | F42: =PARAMETROS!$C$4*(MAO_OBRA!I12*PARAMETROS!$E$18*PARAMETROS!$F$11+MAO_OBRA!J12*PARAMETROS!$E$19*PARAMETROS!$F$12+MAO_OBRA!K12*PARAMETROS!$E$20*PARAMETROS!$F$13) | G42: =F42*PARAMETROS!$E$23*PARAMETROS!$E$24 | H42: =PARAMETROS!$E$22*PARAMETROS!$E$21*E42*PARAMETROS!$E$23*PARAMETROS!$E$24 | I42: =IF(C42="",0,PARAMETROS!$E$25/60*(IF(PARAMETROS!$E$27="Real",SUMPRODUCT((BASE!$E$6:$E$205=C42)*BASE!$P$6:$P$205*BASE!$L$6:$L$205*BASE!$N$6:$N$205),SUMPRODUCT((BASE!$E$6:$E$205=C42)*BASE!$P$6:$P$205*BASE!$L$6:$L$205*BASE!$H$6:$H$205))*PARAMETROS!$E$26+SUMPRODUCT((BASE!$E$6:$E$205=C42)*BASE!$P$6:$P$205*BASE!$L$6:$L$205*BASE!$O$6:$O$205))) | J42: =IF(G42>0,I42/G42,0) | K42: =G42-I42 | L42: =MAX(0,K42) | M42: =MAX(0,-K42) | N42: =M42 | O42: =IF(PARAMETROS!$E$28>0,M42/PARAMETROS!$E$28,0) | P42: =IF(PARAMETROS!$C$8="Nominal",IF(F42>0,I42/F42,0),J42) | Q42: =IF(C42="","",IF(I42=0,"SEM CARGA",IF(OR(G42=0,J42>=PARAMETROS!$C$7),"INSUFICIENTE",IF(J42>=PARAMETROS!$C$6,"ATENÇÃO","OK")))) | R42: =IF(G42+H42>0,I42/(G42+H42),0) | S42: =G42/PARAMETROS!$C$4 | T42: =S42*PARAMETROS!$C$5 | U42: =IF(I42>0,SUMIF(BASE!$E$6:$E$205,C42,BASE!$L$6:$L$205)*PARAMETROS!$E$25*G42/I42,0)
A43: 3 | B43: 8 | C43: =IF(MAO_OBRA!A13="","",MAO_OBRA!A13) | D43: =IF(MAO_OBRA!B13="","",MAO_OBRA!B13) | E43: =MAO_OBRA!Q13 | F43: =PARAMETROS!$C$4*(MAO_OBRA!I13*PARAMETROS!$E$18*PARAMETROS!$F$11+MAO_OBRA!J13*PARAMETROS!$E$19*PARAMETROS!$F$12+MAO_OBRA!K13*PARAMETROS!$E$20*PARAMETROS!$F$13) | G43: =F43*PARAMETROS!$E$23*PARAMETROS!$E$24 | H43: =PARAMETROS!$E$22*PARAMETROS!$E$21*E43*PARAMETROS!$E$23*PARAMETROS!$E$24 | I43: =IF(C43="",0,PARAMETROS!$E$25/60*(IF(PARAMETROS!$E$27="Real",SUMPRODUCT((BASE!$E$6:$E$205=C43)*BASE!$P$6:$P$205*BASE!$L$6:$L$205*BASE!$N$6:$N$205),SUMPRODUCT((BASE!$E$6:$E$205=C43)*BASE!$P$6:$P$205*BASE!$L$6:$L$205*BASE!$H$6:$H$205))*PARAMETROS!$E$26+SUMPRODUCT((BASE!$E$6:$E$205=C43)*BASE!$P$6:$P$205*BASE!$L$6:$L$205*BASE!$O$6:$O$205))) | J43: =IF(G43>0,I43/G43,0) | K43: =G43-I43 | L43: =MAX(0,K43) | M43: =MAX(0,-K43) | N43: =M43 | O43: =IF(PARAMETROS!$E$28>0,M43/PARAMETROS!$E$28,0) | P43: =IF(PARAMETROS!$C$8="Nominal",IF(F43>0,I43/F43,0),J43) | Q43: =IF(C43="","",IF(I43=0,"SEM CARGA",IF(OR(G43=0,J43>=PARAMETROS!$C$7),"INSUFICIENTE",IF(J43>=PARAMETROS!$C$6,"ATENÇÃO","OK")))) | R43: =IF(G43+H43>0,I43/(G43+H43),0) | S43: =G43/PARAMETROS!$C$4 | T43: =S43*PARAMETROS!$C$5 | U43: =IF(I43>0,SUMIF(BASE!$E$6:$E$205,C43,BASE!$L$6:$L$205)*PARAMETROS!$E$25*G43/I43,0)
A44: 3 | B44: 9 | C44: =IF(MAO_OBRA!A14="","",MAO_OBRA!A14) | D44: =IF(MAO_OBRA!B14="","",MAO_OBRA!B14) | E44: =MAO_OBRA!Q14 | F44: =PARAMETROS!$C$4*(MAO_OBRA!I14*PARAMETROS!$E$18*PARAMETROS!$F$11+MAO_OBRA!J14*PARAMETROS!$E$19*PARAMETROS!$F$12+MAO_OBRA!K14*PARAMETROS!$E$20*PARAMETROS!$F$13) | G44: =F44*PARAMETROS!$E$23*PARAMETROS!$E$24 | H44: =PARAMETROS!$E$22*PARAMETROS!$E$21*E44*PARAMETROS!$E$23*PARAMETROS!$E$24 | I44: =IF(C44="",0,PARAMETROS!$E$25/60*(IF(PARAMETROS!$E$27="Real",SUMPRODUCT((BASE!$E$6:$E$205=C44)*BASE!$P$6:$P$205*BASE!$L$6:$L$205*BASE!$N$6:$N$205),SUMPRODUCT((BASE!$E$6:$E$205=C44)*BASE!$P$6:$P$205*BASE!$L$6:$L$205*BASE!$H$6:$H$205))*PARAMETROS!$E$26+SUMPRODUCT((BASE!$E$6:$E$205=C44)*BASE!$P$6:$P$205*BASE!$L$6:$L$205*BASE!$O$6:$O$205))) | J44: =IF(G44>0,I44/G44,0) | K44: =G44-I44 | L44: =MAX(0,K44) | M44: =MAX(0,-K44) | N44: =M44 | O44: =IF(PARAMETROS!$E$28>0,M44/PARAMETROS!$E$28,0) | P44: =IF(PARAMETROS!$C$8="Nominal",IF(F44>0,I44/F44,0),J44) | Q44: =IF(C44="","",IF(I44=0,"SEM CARGA",IF(OR(G44=0,J44>=PARAMETROS!$C$7),"INSUFICIENTE",IF(J44>=PARAMETROS!$C$6,"ATENÇÃO","OK")))) | R44: =IF(G44+H44>0,I44/(G44+H44),0) | S44: =G44/PARAMETROS!$C$4 | T44: =S44*PARAMETROS!$C$5 | U44: =IF(I44>0,SUMIF(BASE!$E$6:$E$205,C44,BASE!$L$6:$L$205)*PARAMETROS!$E$25*G44/I44,0)
A45: 3 | B45: 10 | C45: =IF(MAO_OBRA!A15="","",MAO_OBRA!A15) | D45: =IF(MAO_OBRA!B15="","",MAO_OBRA!B15) | E45: =MAO_OBRA!Q15 | F45: =PARAMETROS!$C$4*(MAO_OBRA!I15*PARAMETROS!$E$18*PARAMETROS!$F$11+MAO_OBRA!J15*PARAMETROS!$E$19*PARAMETROS!$F$12+MAO_OBRA!K15*PARAMETROS!$E$20*PARAMETROS!$F$13) | G45: =F45*PARAMETROS!$E$23*PARAMETROS!$E$24 | H45: =PARAMETROS!$E$22*PARAMETROS!$E$21*E45*PARAMETROS!$E$23*PARAMETROS!$E$24 | I45: =IF(C45="",0,PARAMETROS!$E$25/60*(IF(PARAMETROS!$E$27="Real",SUMPRODUCT((BASE!$E$6:$E$205=C45)*BASE!$P$6:$P$205*BASE!$L$6:$L$205*BASE!$N$6:$N$205),SUMPRODUCT((BASE!$E$6:$E$205=C45)*BASE!$P$6:$P$205*BASE!$L$6:$L$205*BASE!$H$6:$H$205))*PARAMETROS!$E$26+SUMPRODUCT((BASE!$E$6:$E$205=C45)*BASE!$P$6:$P$205*BASE!$L$6:$L$205*BASE!$O$6:$O$205))) | J45: =IF(G45>0,I45/G45,0) | K45: =G45-I45 | L45: =MAX(0,K45) | M45: =MAX(0,-K45) | N45: =M45 | O45: =IF(PARAMETROS!$E$28>0,M45/PARAMETROS!$E$28,0) | P45: =IF(PARAMETROS!$C$8="Nominal",IF(F45>0,I45/F45,0),J45) | Q45: =IF(C45="","",IF(I45=0,"SEM CARGA",IF(OR(G45=0,J45>=PARAMETROS!$C$7),"INSUFICIENTE",IF(J45>=PARAMETROS!$C$6,"ATENÇÃO","OK")))) | R45: =IF(G45+H45>0,I45/(G45+H45),0) | S45: =G45/PARAMETROS!$C$4 | T45: =S45*PARAMETROS!$C$5 | U45: =IF(I45>0,SUMIF(BASE!$E$6:$E$205,C45,BASE!$L$6:$L$205)*PARAMETROS!$E$25*G45/I45,0)
A46: 3 | B46: 11 | C46: =IF(MAO_OBRA!A16="","",MAO_OBRA!A16) | D46: =IF(MAO_OBRA!B16="","",MAO_OBRA!B16) | E46: =MAO_OBRA!Q16 | F46: =PARAMETROS!$C$4*(MAO_OBRA!I16*PARAMETROS!$E$18*PARAMETROS!$F$11+MAO_OBRA!J16*PARAMETROS!$E$19*PARAMETROS!$F$12+MAO_OBRA!K16*PARAMETROS!$E$20*PARAMETROS!$F$13) | G46: =F46*PARAMETROS!$E$23*PARAMETROS!$E$24 | H46: =PARAMETROS!$E$22*PARAMETROS!$E$21*E46*PARAMETROS!$E$23*PARAMETROS!$E$24 | I46: =IF(C46="",0,PARAMETROS!$E$25/60*(IF(PARAMETROS!$E$27="Real",SUMPRODUCT((BASE!$E$6:$E$205=C46)*BASE!$P$6:$P$205*BASE!$L$6:$L$205*BASE!$N$6:$N$205),SUMPRODUCT((BASE!$E$6:$E$205=C46)*BASE!$P$6:$P$205*BASE!$L$6:$L$205*BASE!$H$6:$H$205))*PARAMETROS!$E$26+SUMPRODUCT((BASE!$E$6:$E$205=C46)*BASE!$P$6:$P$205*BASE!$L$6:$L$205*BASE!$O$6:$O$205))) | J46: =IF(G46>0,I46/G46,0) | K46: =G46-I46 | L46: =MAX(0,K46) | M46: =MAX(0,-K46) | N46: =M46 | O46: =IF(PARAMETROS!$E$28>0,M46/PARAMETROS!$E$28,0) | P46: =IF(PARAMETROS!$C$8="Nominal",IF(F46>0,I46/F46,0),J46) | Q46: =IF(C46="","",IF(I46=0,"SEM CARGA",IF(OR(G46=0,J46>=PARAMETROS!$C$7),"INSUFICIENTE",IF(J46>=PARAMETROS!$C$6,"ATENÇÃO","OK")))) | R46: =IF(G46+H46>0,I46/(G46+H46),0) | S46: =G46/PARAMETROS!$C$4 | T46: =S46*PARAMETROS!$C$5 | U46: =IF(I46>0,SUMIF(BASE!$E$6:$E$205,C46,BASE!$L$6:$L$205)*PARAMETROS!$E$25*G46/I46,0)
A47: 3 | B47: 12 | C47: =IF(MAO_OBRA!A17="","",MAO_OBRA!A17) | D47: =IF(MAO_OBRA!B17="","",MAO_OBRA!B17) | E47: =MAO_OBRA!Q17 | F47: =PARAMETROS!$C$4*(MAO_OBRA!I17*PARAMETROS!$E$18*PARAMETROS!$F$11+MAO_OBRA!J17*PARAMETROS!$E$19*PARAMETROS!$F$12+MAO_OBRA!K17*PARAMETROS!$E$20*PARAMETROS!$F$13) | G47: =F47*PARAMETROS!$E$23*PARAMETROS!$E$24 | H47: =PARAMETROS!$E$22*PARAMETROS!$E$21*E47*PARAMETROS!$E$23*PARAMETROS!$E$24 | I47: =IF(C47="",0,PARAMETROS!$E$25/60*(IF(PARAMETROS!$E$27="Real",SUMPRODUCT((BASE!$E$6:$E$205=C47)*BASE!$P$6:$P$205*BASE!$L$6:$L$205*BASE!$N$6:$N$205),SUMPRODUCT((BASE!$E$6:$E$205=C47)*BASE!$P$6:$P$205*BASE!$L$6:$L$205*BASE!$H$6:$H$205))*PARAMETROS!$E$26+SUMPRODUCT((BASE!$E$6:$E$205=C47)*BASE!$P$6:$P$205*BASE!$L$6:$L$205*BASE!$O$6:$O$205))) | J47: =IF(G47>0,I47/G47,0) | K47: =G47-I47 | L47: =MAX(0,K47) | M47: =MAX(0,-K47) | N47: =M47 | O47: =IF(PARAMETROS!$E$28>0,M47/PARAMETROS!$E$28,0) | P47: =IF(PARAMETROS!$C$8="Nominal",IF(F47>0,I47/F47,0),J47) | Q47: =IF(C47="","",IF(I47=0,"SEM CARGA",IF(OR(G47=0,J47>=PARAMETROS!$C$7),"INSUFICIENTE",IF(J47>=PARAMETROS!$C$6,"ATENÇÃO","OK")))) | R47: =IF(G47+H47>0,I47/(G47+H47),0) | S47: =G47/PARAMETROS!$C$4 | T47: =S47*PARAMETROS!$C$5 | U47: =IF(I47>0,SUMIF(BASE!$E$6:$E$205,C47,BASE!$L$6:$L$205)*PARAMETROS!$E$25*G47/I47,0)
... A50: 3 | B50: 15 | C50: =IF(MAO_OBRA!A20="","",MAO_OBRA!A20) | D50: =IF(MAO_OBRA!B20="","",MAO_OBRA!B20) | E50: =MAO_OBRA!Q20 | F50: =PARAMETROS!$C$4*(MAO_OBRA!I20*PARAMETROS!$E$18*PARAMETROS!$F$11+MAO_OBRA!J20*PARAMETROS!$E$19*PARAMETROS!$F$12+MAO_OBRA!K20*PARAMETROS!$E$20*PARAMETROS!$F$13) | G50: =F50*PARAMETROS!$E$23*PARAMETROS!$E$24 | H50: =PARAMETROS!$E$22*PARAMETROS!$E$21*E50*PARAMETROS!$E$23*PARAMETROS!$E$24 | I50: =IF(C50="",0,PARAMETROS!$E$25/60*(IF(PARAMETROS!$E$27="Real",SUMPRODUCT((BASE!$E$6:$E$205=C50)*BASE!$P$6:$P$205*BASE!$L$6:$L$205*BASE!$N$6:$N$205),SUMPRODUCT((BASE!$E$6:$E$205=C50)*BASE!$P$6:$P$205*BASE!$L$6:$L$205*BASE!$H$6:$H$205))*PARAMETROS!$E$26+SUMPRODUCT((BASE!$E$6:$E$205=C50)*BASE!$P$6:$P$205*BASE!$L$6:$L$205*BASE!$O$6:$O$205))) | J50: =IF(G50>0,I50/G50,0) | K50: =G50-I50 | L50: =MAX(0,K50) | M50: =MAX(0,-K50) | N50: =M50 | O50: =IF(PARAMETROS!$E$28>0,M50/PARAMETROS!$E$28,0) | P50: =IF(PARAMETROS!$C$8="Nominal",IF(F50>0,I50/F50,0),J50) | Q50: =IF(C50="","",IF(I50=0,"SEM CARGA",IF(OR(G50=0,J50>=PARAMETROS!$C$7),"INSUFICIENTE",IF(J50>=PARAMETROS!$C$6,"ATENÇÃO","OK")))) | R50: =IF(G50+H50>0,I50/(G50+H50),0) | S50: =G50/PARAMETROS!$C$4 | T50: =S50*PARAMETROS!$C$5 | U50: =IF(I50>0,SUMIF(BASE!$E$6:$E$205,C50,BASE!$L$6:$L$205)*PARAMETROS!$E$25*G50/I50,0)
A51: 4 | B51: 1 | C51: =IF(MAO_OBRA!A6="","",MAO_OBRA!A6) | D51: =IF(MAO_OBRA!B6="","",MAO_OBRA!B6) | E51: =MAO_OBRA!R6 | F51: =PARAMETROS!$C$4*(MAO_OBRA!L6*PARAMETROS!$F$18*PARAMETROS!$F$11+MAO_OBRA!M6*PARAMETROS!$F$19*PARAMETROS!$F$12+MAO_OBRA!N6*PARAMETROS!$F$20*PARAMETROS!$F$13) | G51: =F51*PARAMETROS!$F$23*PARAMETROS!$F$24 | H51: =PARAMETROS!$F$22*PARAMETROS!$F$21*E51*PARAMETROS!$F$23*PARAMETROS!$F$24 | I51: =IF(C51="",0,PARAMETROS!$F$25/60*(IF(PARAMETROS!$F$27="Real",SUMPRODUCT((BASE!$E$6:$E$205=C51)*BASE!$P$6:$P$205*BASE!$L$6:$L$205*BASE!$N$6:$N$205),SUMPRODUCT((BASE!$E$6:$E$205=C51)*BASE!$P$6:$P$205*BASE!$L$6:$L$205*BASE!$H$6:$H$205))*PARAMETROS!$F$26+SUMPRODUCT((BASE!$E$6:$E$205=C51)*BASE!$P$6:$P$205*BASE!$L$6:$L$205*BASE!$O$6:$O$205))) | J51: =IF(G51>0,I51/G51,0) | K51: =G51-I51 | L51: =MAX(0,K51) | M51: =MAX(0,-K51) | N51: =M51 | O51: =IF(PARAMETROS!$F$28>0,M51/PARAMETROS!$F$28,0) | P51: =IF(PARAMETROS!$C$8="Nominal",IF(F51>0,I51/F51,0),J51) | Q51: =IF(C51="","",IF(I51=0,"SEM CARGA",IF(OR(G51=0,J51>=PARAMETROS!$C$7),"INSUFICIENTE",IF(J51>=PARAMETROS!$C$6,"ATENÇÃO","OK")))) | R51: =IF(G51+H51>0,I51/(G51+H51),0) | S51: =G51/PARAMETROS!$C$4 | T51: =S51*PARAMETROS!$C$5 | U51: =IF(I51>0,SUMIF(BASE!$E$6:$E$205,C51,BASE!$L$6:$L$205)*PARAMETROS!$F$25*G51/I51,0)
A52: 4 | B52: 2 | C52: =IF(MAO_OBRA!A7="","",MAO_OBRA!A7) | D52: =IF(MAO_OBRA!B7="","",MAO_OBRA!B7) | E52: =MAO_OBRA!R7 | F52: =PARAMETROS!$C$4*(MAO_OBRA!L7*PARAMETROS!$F$18*PARAMETROS!$F$11+MAO_OBRA!M7*PARAMETROS!$F$19*PARAMETROS!$F$12+MAO_OBRA!N7*PARAMETROS!$F$20*PARAMETROS!$F$13) | G52: =F52*PARAMETROS!$F$23*PARAMETROS!$F$24 | H52: =PARAMETROS!$F$22*PARAMETROS!$F$21*E52*PARAMETROS!$F$23*PARAMETROS!$F$24 | I52: =IF(C52="",0,PARAMETROS!$F$25/60*(IF(PARAMETROS!$F$27="Real",SUMPRODUCT((BASE!$E$6:$E$205=C52)*BASE!$P$6:$P$205*BASE!$L$6:$L$205*BASE!$N$6:$N$205),SUMPRODUCT((BASE!$E$6:$E$205=C52)*BASE!$P$6:$P$205*BASE!$L$6:$L$205*BASE!$H$6:$H$205))*PARAMETROS!$F$26+SUMPRODUCT((BASE!$E$6:$E$205=C52)*BASE!$P$6:$P$205*BASE!$L$6:$L$205*BASE!$O$6:$O$205))) | J52: =IF(G52>0,I52/G52,0) | K52: =G52-I52 | L52: =MAX(0,K52) | M52: =MAX(0,-K52) | N52: =M52 | O52: =IF(PARAMETROS!$F$28>0,M52/PARAMETROS!$F$28,0) | P52: =IF(PARAMETROS!$C$8="Nominal",IF(F52>0,I52/F52,0),J52) | Q52: =IF(C52="","",IF(I52=0,"SEM CARGA",IF(OR(G52=0,J52>=PARAMETROS!$C$7),"INSUFICIENTE",IF(J52>=PARAMETROS!$C$6,"ATENÇÃO","OK")))) | R52: =IF(G52+H52>0,I52/(G52+H52),0) | S52: =G52/PARAMETROS!$C$4 | T52: =S52*PARAMETROS!$C$5 | U52: =IF(I52>0,SUMIF(BASE!$E$6:$E$205,C52,BASE!$L$6:$L$205)*PARAMETROS!$F$25*G52/I52,0)
A53: 4 | B53: 3 | C53: =IF(MAO_OBRA!A8="","",MAO_OBRA!A8) | D53: =IF(MAO_OBRA!B8="","",MAO_OBRA!B8) | E53: =MAO_OBRA!R8 | F53: =PARAMETROS!$C$4*(MAO_OBRA!L8*PARAMETROS!$F$18*PARAMETROS!$F$11+MAO_OBRA!M8*PARAMETROS!$F$19*PARAMETROS!$F$12+MAO_OBRA!N8*PARAMETROS!$F$20*PARAMETROS!$F$13) | G53: =F53*PARAMETROS!$F$23*PARAMETROS!$F$24 | H53: =PARAMETROS!$F$22*PARAMETROS!$F$21*E53*PARAMETROS!$F$23*PARAMETROS!$F$24 | I53: =IF(C53="",0,PARAMETROS!$F$25/60*(IF(PARAMETROS!$F$27="Real",SUMPRODUCT((BASE!$E$6:$E$205=C53)*BASE!$P$6:$P$205*BASE!$L$6:$L$205*BASE!$N$6:$N$205),SUMPRODUCT((BASE!$E$6:$E$205=C53)*BASE!$P$6:$P$205*BASE!$L$6:$L$205*BASE!$H$6:$H$205))*PARAMETROS!$F$26+SUMPRODUCT((BASE!$E$6:$E$205=C53)*BASE!$P$6:$P$205*BASE!$L$6:$L$205*BASE!$O$6:$O$205))) | J53: =IF(G53>0,I53/G53,0) | K53: =G53-I53 | L53: =MAX(0,K53) | M53: =MAX(0,-K53) | N53: =M53 | O53: =IF(PARAMETROS!$F$28>0,M53/PARAMETROS!$F$28,0) | P53: =IF(PARAMETROS!$C$8="Nominal",IF(F53>0,I53/F53,0),J53) | Q53: =IF(C53="","",IF(I53=0,"SEM CARGA",IF(OR(G53=0,J53>=PARAMETROS!$C$7),"INSUFICIENTE",IF(J53>=PARAMETROS!$C$6,"ATENÇÃO","OK")))) | R53: =IF(G53+H53>0,I53/(G53+H53),0) | S53: =G53/PARAMETROS!$C$4 | T53: =S53*PARAMETROS!$C$5 | U53: =IF(I53>0,SUMIF(BASE!$E$6:$E$205,C53,BASE!$L$6:$L$205)*PARAMETROS!$F$25*G53/I53,0)
A54: 4 | B54: 4 | C54: =IF(MAO_OBRA!A9="","",MAO_OBRA!A9) | D54: =IF(MAO_OBRA!B9="","",MAO_OBRA!B9) | E54: =MAO_OBRA!R9 | F54: =PARAMETROS!$C$4*(MAO_OBRA!L9*PARAMETROS!$F$18*PARAMETROS!$F$11+MAO_OBRA!M9*PARAMETROS!$F$19*PARAMETROS!$F$12+MAO_OBRA!N9*PARAMETROS!$F$20*PARAMETROS!$F$13) | G54: =F54*PARAMETROS!$F$23*PARAMETROS!$F$24 | H54: =PARAMETROS!$F$22*PARAMETROS!$F$21*E54*PARAMETROS!$F$23*PARAMETROS!$F$24 | I54: =IF(C54="",0,PARAMETROS!$F$25/60*(IF(PARAMETROS!$F$27="Real",SUMPRODUCT((BASE!$E$6:$E$205=C54)*BASE!$P$6:$P$205*BASE!$L$6:$L$205*BASE!$N$6:$N$205),SUMPRODUCT((BASE!$E$6:$E$205=C54)*BASE!$P$6:$P$205*BASE!$L$6:$L$205*BASE!$H$6:$H$205))*PARAMETROS!$F$26+SUMPRODUCT((BASE!$E$6:$E$205=C54)*BASE!$P$6:$P$205*BASE!$L$6:$L$205*BASE!$O$6:$O$205))) | J54: =IF(G54>0,I54/G54,0) | K54: =G54-I54 | L54: =MAX(0,K54) | M54: =MAX(0,-K54) | N54: =M54 | O54: =IF(PARAMETROS!$F$28>0,M54/PARAMETROS!$F$28,0) | P54: =IF(PARAMETROS!$C$8="Nominal",IF(F54>0,I54/F54,0),J54) | Q54: =IF(C54="","",IF(I54=0,"SEM CARGA",IF(OR(G54=0,J54>=PARAMETROS!$C$7),"INSUFICIENTE",IF(J54>=PARAMETROS!$C$6,"ATENÇÃO","OK")))) | R54: =IF(G54+H54>0,I54/(G54+H54),0) | S54: =G54/PARAMETROS!$C$4 | T54: =S54*PARAMETROS!$C$5 | U54: =IF(I54>0,SUMIF(BASE!$E$6:$E$205,C54,BASE!$L$6:$L$205)*PARAMETROS!$F$25*G54/I54,0)
A55: 4 | B55: 5 | C55: =IF(MAO_OBRA!A10="","",MAO_OBRA!A10) | D55: =IF(MAO_OBRA!B10="","",MAO_OBRA!B10) | E55: =MAO_OBRA!R10 | F55: =PARAMETROS!$C$4*(MAO_OBRA!L10*PARAMETROS!$F$18*PARAMETROS!$F$11+MAO_OBRA!M10*PARAMETROS!$F$19*PARAMETROS!$F$12+MAO_OBRA!N10*PARAMETROS!$F$20*PARAMETROS!$F$13) | G55: =F55*PARAMETROS!$F$23*PARAMETROS!$F$24 | H55: =PARAMETROS!$F$22*PARAMETROS!$F$21*E55*PARAMETROS!$F$23*PARAMETROS!$F$24 | I55: =IF(C55="",0,PARAMETROS!$F$25/60*(IF(PARAMETROS!$F$27="Real",SUMPRODUCT((BASE!$E$6:$E$205=C55)*BASE!$P$6:$P$205*BASE!$L$6:$L$205*BASE!$N$6:$N$205),SUMPRODUCT((BASE!$E$6:$E$205=C55)*BASE!$P$6:$P$205*BASE!$L$6:$L$205*BASE!$H$6:$H$205))*PARAMETROS!$F$26+SUMPRODUCT((BASE!$E$6:$E$205=C55)*BASE!$P$6:$P$205*BASE!$L$6:$L$205*BASE!$O$6:$O$205))) | J55: =IF(G55>0,I55/G55,0) | K55: =G55-I55 | L55: =MAX(0,K55) | M55: =MAX(0,-K55) | N55: =M55 | O55: =IF(PARAMETROS!$F$28>0,M55/PARAMETROS!$F$28,0) | P55: =IF(PARAMETROS!$C$8="Nominal",IF(F55>0,I55/F55,0),J55) | Q55: =IF(C55="","",IF(I55=0,"SEM CARGA",IF(OR(G55=0,J55>=PARAMETROS!$C$7),"INSUFICIENTE",IF(J55>=PARAMETROS!$C$6,"ATENÇÃO","OK")))) | R55: =IF(G55+H55>0,I55/(G55+H55),0) | S55: =G55/PARAMETROS!$C$4 | T55: =S55*PARAMETROS!$C$5 | U55: =IF(I55>0,SUMIF(BASE!$E$6:$E$205,C55,BASE!$L$6:$L$205)*PARAMETROS!$F$25*G55/I55,0)
A56: 4 | B56: 6 | C56: =IF(MAO_OBRA!A11="","",MAO_OBRA!A11) | D56: =IF(MAO_OBRA!B11="","",MAO_OBRA!B11) | E56: =MAO_OBRA!R11 | F56: =PARAMETROS!$C$4*(MAO_OBRA!L11*PARAMETROS!$F$18*PARAMETROS!$F$11+MAO_OBRA!M11*PARAMETROS!$F$19*PARAMETROS!$F$12+MAO_OBRA!N11*PARAMETROS!$F$20*PARAMETROS!$F$13) | G56: =F56*PARAMETROS!$F$23*PARAMETROS!$F$24 | H56: =PARAMETROS!$F$22*PARAMETROS!$F$21*E56*PARAMETROS!$F$23*PARAMETROS!$F$24 | I56: =IF(C56="",0,PARAMETROS!$F$25/60*(IF(PARAMETROS!$F$27="Real",SUMPRODUCT((BASE!$E$6:$E$205=C56)*BASE!$P$6:$P$205*BASE!$L$6:$L$205*BASE!$N$6:$N$205),SUMPRODUCT((BASE!$E$6:$E$205=C56)*BASE!$P$6:$P$205*BASE!$L$6:$L$205*BASE!$H$6:$H$205))*PARAMETROS!$F$26+SUMPRODUCT((BASE!$E$6:$E$205=C56)*BASE!$P$6:$P$205*BASE!$L$6:$L$205*BASE!$O$6:$O$205))) | J56: =IF(G56>0,I56/G56,0) | K56: =G56-I56 | L56: =MAX(0,K56) | M56: =MAX(0,-K56) | N56: =M56 | O56: =IF(PARAMETROS!$F$28>0,M56/PARAMETROS!$F$28,0) | P56: =IF(PARAMETROS!$C$8="Nominal",IF(F56>0,I56/F56,0),J56) | Q56: =IF(C56="","",IF(I56=0,"SEM CARGA",IF(OR(G56=0,J56>=PARAMETROS!$C$7),"INSUFICIENTE",IF(J56>=PARAMETROS!$C$6,"ATENÇÃO","OK")))) | R56: =IF(G56+H56>0,I56/(G56+H56),0) | S56: =G56/PARAMETROS!$C$4 | T56: =S56*PARAMETROS!$C$5 | U56: =IF(I56>0,SUMIF(BASE!$E$6:$E$205,C56,BASE!$L$6:$L$205)*PARAMETROS!$F$25*G56/I56,0)
A57: 4 | B57: 7 | C57: =IF(MAO_OBRA!A12="","",MAO_OBRA!A12) | D57: =IF(MAO_OBRA!B12="","",MAO_OBRA!B12) | E57: =MAO_OBRA!R12 | F57: =PARAMETROS!$C$4*(MAO_OBRA!L12*PARAMETROS!$F$18*PARAMETROS!$F$11+MAO_OBRA!M12*PARAMETROS!$F$19*PARAMETROS!$F$12+MAO_OBRA!N12*PARAMETROS!$F$20*PARAMETROS!$F$13) | G57: =F57*PARAMETROS!$F$23*PARAMETROS!$F$24 | H57: =PARAMETROS!$F$22*PARAMETROS!$F$21*E57*PARAMETROS!$F$23*PARAMETROS!$F$24 | I57: =IF(C57="",0,PARAMETROS!$F$25/60*(IF(PARAMETROS!$F$27="Real",SUMPRODUCT((BASE!$E$6:$E$205=C57)*BASE!$P$6:$P$205*BASE!$L$6:$L$205*BASE!$N$6:$N$205),SUMPRODUCT((BASE!$E$6:$E$205=C57)*BASE!$P$6:$P$205*BASE!$L$6:$L$205*BASE!$H$6:$H$205))*PARAMETROS!$F$26+SUMPRODUCT((BASE!$E$6:$E$205=C57)*BASE!$P$6:$P$205*BASE!$L$6:$L$205*BASE!$O$6:$O$205))) | J57: =IF(G57>0,I57/G57,0) | K57: =G57-I57 | L57: =MAX(0,K57) | M57: =MAX(0,-K57) | N57: =M57 | O57: =IF(PARAMETROS!$F$28>0,M57/PARAMETROS!$F$28,0) | P57: =IF(PARAMETROS!$C$8="Nominal",IF(F57>0,I57/F57,0),J57) | Q57: =IF(C57="","",IF(I57=0,"SEM CARGA",IF(OR(G57=0,J57>=PARAMETROS!$C$7),"INSUFICIENTE",IF(J57>=PARAMETROS!$C$6,"ATENÇÃO","OK")))) | R57: =IF(G57+H57>0,I57/(G57+H57),0) | S57: =G57/PARAMETROS!$C$4 | T57: =S57*PARAMETROS!$C$5 | U57: =IF(I57>0,SUMIF(BASE!$E$6:$E$205,C57,BASE!$L$6:$L$205)*PARAMETROS!$F$25*G57/I57,0)
A58: 4 | B58: 8 | C58: =IF(MAO_OBRA!A13="","",MAO_OBRA!A13) | D58: =IF(MAO_OBRA!B13="","",MAO_OBRA!B13) | E58: =MAO_OBRA!R13 | F58: =PARAMETROS!$C$4*(MAO_OBRA!L13*PARAMETROS!$F$18*PARAMETROS!$F$11+MAO_OBRA!M13*PARAMETROS!$F$19*PARAMETROS!$F$12+MAO_OBRA!N13*PARAMETROS!$F$20*PARAMETROS!$F$13) | G58: =F58*PARAMETROS!$F$23*PARAMETROS!$F$24 | H58: =PARAMETROS!$F$22*PARAMETROS!$F$21*E58*PARAMETROS!$F$23*PARAMETROS!$F$24 | I58: =IF(C58="",0,PARAMETROS!$F$25/60*(IF(PARAMETROS!$F$27="Real",SUMPRODUCT((BASE!$E$6:$E$205=C58)*BASE!$P$6:$P$205*BASE!$L$6:$L$205*BASE!$N$6:$N$205),SUMPRODUCT((BASE!$E$6:$E$205=C58)*BASE!$P$6:$P$205*BASE!$L$6:$L$205*BASE!$H$6:$H$205))*PARAMETROS!$F$26+SUMPRODUCT((BASE!$E$6:$E$205=C58)*BASE!$P$6:$P$205*BASE!$L$6:$L$205*BASE!$O$6:$O$205))) | J58: =IF(G58>0,I58/G58,0) | K58: =G58-I58 | L58: =MAX(0,K58) | M58: =MAX(0,-K58) | N58: =M58 | O58: =IF(PARAMETROS!$F$28>0,M58/PARAMETROS!$F$28,0) | P58: =IF(PARAMETROS!$C$8="Nominal",IF(F58>0,I58/F58,0),J58) | Q58: =IF(C58="","",IF(I58=0,"SEM CARGA",IF(OR(G58=0,J58>=PARAMETROS!$C$7),"INSUFICIENTE",IF(J58>=PARAMETROS!$C$6,"ATENÇÃO","OK")))) | R58: =IF(G58+H58>0,I58/(G58+H58),0) | S58: =G58/PARAMETROS!$C$4 | T58: =S58*PARAMETROS!$C$5 | U58: =IF(I58>0,SUMIF(BASE!$E$6:$E$205,C58,BASE!$L$6:$L$205)*PARAMETROS!$F$25*G58/I58,0)
A59: 4 | B59: 9 | C59: =IF(MAO_OBRA!A14="","",MAO_OBRA!A14) | D59: =IF(MAO_OBRA!B14="","",MAO_OBRA!B14) | E59: =MAO_OBRA!R14 | F59: =PARAMETROS!$C$4*(MAO_OBRA!L14*PARAMETROS!$F$18*PARAMETROS!$F$11+MAO_OBRA!M14*PARAMETROS!$F$19*PARAMETROS!$F$12+MAO_OBRA!N14*PARAMETROS!$F$20*PARAMETROS!$F$13) | G59: =F59*PARAMETROS!$F$23*PARAMETROS!$F$24 | H59: =PARAMETROS!$F$22*PARAMETROS!$F$21*E59*PARAMETROS!$F$23*PARAMETROS!$F$24 | I59: =IF(C59="",0,PARAMETROS!$F$25/60*(IF(PARAMETROS!$F$27="Real",SUMPRODUCT((BASE!$E$6:$E$205=C59)*BASE!$P$6:$P$205*BASE!$L$6:$L$205*BASE!$N$6:$N$205),SUMPRODUCT((BASE!$E$6:$E$205=C59)*BASE!$P$6:$P$205*BASE!$L$6:$L$205*BASE!$H$6:$H$205))*PARAMETROS!$F$26+SUMPRODUCT((BASE!$E$6:$E$205=C59)*BASE!$P$6:$P$205*BASE!$L$6:$L$205*BASE!$O$6:$O$205))) | J59: =IF(G59>0,I59/G59,0) | K59: =G59-I59 | L59: =MAX(0,K59) | M59: =MAX(0,-K59) | N59: =M59 | O59: =IF(PARAMETROS!$F$28>0,M59/PARAMETROS!$F$28,0) | P59: =IF(PARAMETROS!$C$8="Nominal",IF(F59>0,I59/F59,0),J59) | Q59: =IF(C59="","",IF(I59=0,"SEM CARGA",IF(OR(G59=0,J59>=PARAMETROS!$C$7),"INSUFICIENTE",IF(J59>=PARAMETROS!$C$6,"ATENÇÃO","OK")))) | R59: =IF(G59+H59>0,I59/(G59+H59),0) | S59: =G59/PARAMETROS!$C$4 | T59: =S59*PARAMETROS!$C$5 | U59: =IF(I59>0,SUMIF(BASE!$E$6:$E$205,C59,BASE!$L$6:$L$205)*PARAMETROS!$F$25*G59/I59,0)
A60: 4 | B60: 10 | C60: =IF(MAO_OBRA!A15="","",MAO_OBRA!A15) | D60: =IF(MAO_OBRA!B15="","",MAO_OBRA!B15) | E60: =MAO_OBRA!R15 | F60: =PARAMETROS!$C$4*(MAO_OBRA!L15*PARAMETROS!$F$18*PARAMETROS!$F$11+MAO_OBRA!M15*PARAMETROS!$F$19*PARAMETROS!$F$12+MAO_OBRA!N15*PARAMETROS!$F$20*PARAMETROS!$F$13) | G60: =F60*PARAMETROS!$F$23*PARAMETROS!$F$24 | H60: =PARAMETROS!$F$22*PARAMETROS!$F$21*E60*PARAMETROS!$F$23*PARAMETROS!$F$24 | I60: =IF(C60="",0,PARAMETROS!$F$25/60*(IF(PARAMETROS!$F$27="Real",SUMPRODUCT((BASE!$E$6:$E$205=C60)*BASE!$P$6:$P$205*BASE!$L$6:$L$205*BASE!$N$6:$N$205),SUMPRODUCT((BASE!$E$6:$E$205=C60)*BASE!$P$6:$P$205*BASE!$L$6:$L$205*BASE!$H$6:$H$205))*PARAMETROS!$F$26+SUMPRODUCT((BASE!$E$6:$E$205=C60)*BASE!$P$6:$P$205*BASE!$L$6:$L$205*BASE!$O$6:$O$205))) | J60: =IF(G60>0,I60/G60,0) | K60: =G60-I60 | L60: =MAX(0,K60) | M60: =MAX(0,-K60) | N60: =M60 | O60: =IF(PARAMETROS!$F$28>0,M60/PARAMETROS!$F$28,0) | P60: =IF(PARAMETROS!$C$8="Nominal",IF(F60>0,I60/F60,0),J60) | Q60: =IF(C60="","",IF(I60=0,"SEM CARGA",IF(OR(G60=0,J60>=PARAMETROS!$C$7),"INSUFICIENTE",IF(J60>=PARAMETROS!$C$6,"ATENÇÃO","OK")))) | R60: =IF(G60+H60>0,I60/(G60+H60),0) | S60: =G60/PARAMETROS!$C$4 | T60: =S60*PARAMETROS!$C$5 | U60: =IF(I60>0,SUMIF(BASE!$E$6:$E$205,C60,BASE!$L$6:$L$205)*PARAMETROS!$F$25*G60/I60,0)
A61: 4 | B61: 11 | C61: =IF(MAO_OBRA!A16="","",MAO_OBRA!A16) | D61: =IF(MAO_OBRA!B16="","",MAO_OBRA!B16) | E61: =MAO_OBRA!R16 | F61: =PARAMETROS!$C$4*(MAO_OBRA!L16*PARAMETROS!$F$18*PARAMETROS!$F$11+MAO_OBRA!M16*PARAMETROS!$F$19*PARAMETROS!$F$12+MAO_OBRA!N16*PARAMETROS!$F$20*PARAMETROS!$F$13) | G61: =F61*PARAMETROS!$F$23*PARAMETROS!$F$24 | H61: =PARAMETROS!$F$22*PARAMETROS!$F$21*E61*PARAMETROS!$F$23*PARAMETROS!$F$24 | I61: =IF(C61="",0,PARAMETROS!$F$25/60*(IF(PARAMETROS!$F$27="Real",SUMPRODUCT((BASE!$E$6:$E$205=C61)*BASE!$P$6:$P$205*BASE!$L$6:$L$205*BASE!$N$6:$N$205),SUMPRODUCT((BASE!$E$6:$E$205=C61)*BASE!$P$6:$P$205*BASE!$L$6:$L$205*BASE!$H$6:$H$205))*PARAMETROS!$F$26+SUMPRODUCT((BASE!$E$6:$E$205=C61)*BASE!$P$6:$P$205*BASE!$L$6:$L$205*BASE!$O$6:$O$205))) | J61: =IF(G61>0,I61/G61,0) | K61: =G61-I61 | L61: =MAX(0,K61) | M61: =MAX(0,-K61) | N61: =M61 | O61: =IF(PARAMETROS!$F$28>0,M61/PARAMETROS!$F$28,0) | P61: =IF(PARAMETROS!$C$8="Nominal",IF(F61>0,I61/F61,0),J61) | Q61: =IF(C61="","",IF(I61=0,"SEM CARGA",IF(OR(G61=0,J61>=PARAMETROS!$C$7),"INSUFICIENTE",IF(J61>=PARAMETROS!$C$6,"ATENÇÃO","OK")))) | R61: =IF(G61+H61>0,I61/(G61+H61),0) | S61: =G61/PARAMETROS!$C$4 | T61: =S61*PARAMETROS!$C$5 | U61: =IF(I61>0,SUMIF(BASE!$E$6:$E$205,C61,BASE!$L$6:$L$205)*PARAMETROS!$F$25*G61/I61,0)
A62: 4 | B62: 12 | C62: =IF(MAO_OBRA!A17="","",MAO_OBRA!A17) | D62: =IF(MAO_OBRA!B17="","",MAO_OBRA!B17) | E62: =MAO_OBRA!R17 | F62: =PARAMETROS!$C$4*(MAO_OBRA!L17*PARAMETROS!$F$18*PARAMETROS!$F$11+MAO_OBRA!M17*PARAMETROS!$F$19*PARAMETROS!$F$12+MAO_OBRA!N17*PARAMETROS!$F$20*PARAMETROS!$F$13) | G62: =F62*PARAMETROS!$F$23*PARAMETROS!$F$24 | H62: =PARAMETROS!$F$22*PARAMETROS!$F$21*E62*PARAMETROS!$F$23*PARAMETROS!$F$24 | I62: =IF(C62="",0,PARAMETROS!$F$25/60*(IF(PARAMETROS!$F$27="Real",SUMPRODUCT((BASE!$E$6:$E$205=C62)*BASE!$P$6:$P$205*BASE!$L$6:$L$205*BASE!$N$6:$N$205),SUMPRODUCT((BASE!$E$6:$E$205=C62)*BASE!$P$6:$P$205*BASE!$L$6:$L$205*BASE!$H$6:$H$205))*PARAMETROS!$F$26+SUMPRODUCT((BASE!$E$6:$E$205=C62)*BASE!$P$6:$P$205*BASE!$L$6:$L$205*BASE!$O$6:$O$205))) | J62: =IF(G62>0,I62/G62,0) | K62: =G62-I62 | L62: =MAX(0,K62) | M62: =MAX(0,-K62) | N62: =M62 | O62: =IF(PARAMETROS!$F$28>0,M62/PARAMETROS!$F$28,0) | P62: =IF(PARAMETROS!$C$8="Nominal",IF(F62>0,I62/F62,0),J62) | Q62: =IF(C62="","",IF(I62=0,"SEM CARGA",IF(OR(G62=0,J62>=PARAMETROS!$C$7),"INSUFICIENTE",IF(J62>=PARAMETROS!$C$6,"ATENÇÃO","OK")))) | R62: =IF(G62+H62>0,I62/(G62+H62),0) | S62: =G62/PARAMETROS!$C$4 | T62: =S62*PARAMETROS!$C$5 | U62: =IF(I62>0,SUMIF(BASE!$E$6:$E$205,C62,BASE!$L$6:$L$205)*PARAMETROS!$F$25*G62/I62,0)
... A65: 4 | B65: 15 | C65: =IF(MAO_OBRA!A20="","",MAO_OBRA!A20) | D65: =IF(MAO_OBRA!B20="","",MAO_OBRA!B20) | E65: =MAO_OBRA!R20 | F65: =PARAMETROS!$C$4*(MAO_OBRA!L20*PARAMETROS!$F$18*PARAMETROS!$F$11+MAO_OBRA!M20*PARAMETROS!$F$19*PARAMETROS!$F$12+MAO_OBRA!N20*PARAMETROS!$F$20*PARAMETROS!$F$13) | G65: =F65*PARAMETROS!$F$23*PARAMETROS!$F$24 | H65: =PARAMETROS!$F$22*PARAMETROS!$F$21*E65*PARAMETROS!$F$23*PARAMETROS!$F$24 | I65: =IF(C65="",0,PARAMETROS!$F$25/60*(IF(PARAMETROS!$F$27="Real",SUMPRODUCT((BASE!$E$6:$E$205=C65)*BASE!$P$6:$P$205*BASE!$L$6:$L$205*BASE!$N$6:$N$205),SUMPRODUCT((BASE!$E$6:$E$205=C65)*BASE!$P$6:$P$205*BASE!$L$6:$L$205*BASE!$H$6:$H$205))*PARAMETROS!$F$26+SUMPRODUCT((BASE!$E$6:$E$205=C65)*BASE!$P$6:$P$205*BASE!$L$6:$L$205*BASE!$O$6:$O$205))) | J65: =IF(G65>0,I65/G65,0) | K65: =G65-I65 | L65: =MAX(0,K65) | M65: =MAX(0,-K65) | N65: =M65 | O65: =IF(PARAMETROS!$F$28>0,M65/PARAMETROS!$F$28,0) | P65: =IF(PARAMETROS!$C$8="Nominal",IF(F65>0,I65/F65,0),J65) | Q65: =IF(C65="","",IF(I65=0,"SEM CARGA",IF(OR(G65=0,J65>=PARAMETROS!$C$7),"INSUFICIENTE",IF(J65>=PARAMETROS!$C$6,"ATENÇÃO","OK")))) | R65: =IF(G65+H65>0,I65/(G65+H65),0) | S65: =G65/PARAMETROS!$C$4 | T65: =S65*PARAMETROS!$C$5 | U65: =IF(I65>0,SUMIF(BASE!$E$6:$E$205,C65,BASE!$L$6:$L$205)*PARAMETROS!$F$25*G65/I65,0)

Sheet USINAGEM
A1: CAPACIDADE DA USINAGEM — 4 cenários (horas-máquina/mês)
A2: Horas-máquina: não multiplicam por operadores. Carga = demanda × (tempo + setup/lote). Máquinas definidas em PARAMETROS (B32:B37).
A5: Cen. | B5: # | C5: Máquina | D5: Turnos ativos | E5: Cap. nominal (h) | F5: Cap. efetiva (h) | G5: Cap. extra HE (h) | H5: Carga (h) | I5: Utilização | J5: Saldo (h) | K5: Ociosidade (h) | L5: Déficit (h) | M5: HE necessária (h) | N5: Status | O5: Sogyodo | P5: Turnos-A equiv. necessários | Q5: Setup incluso (h) | R5: Util. c/ HE
A6: 1 | B6: 1 | C6: =IF(PARAMETROS!B32="","",PARAMETROS!B32) | D6: =PARAMETROS!$C$18+PARAMETROS!$C$19+PARAMETROS!$C$20 | E6: =PARAMETROS!$C$4*(PARAMETROS!$C$18*PARAMETROS!$F$11+PARAMETROS!$C$19*PARAMETROS!$F$12+PARAMETROS!$C$20*PARAMETROS!$F$13) | F6: =E6*PARAMETROS!$C$23*PARAMETROS!$C$24 | G6: =PARAMETROS!$C$22*PARAMETROS!$C$21*D6*PARAMETROS!$C$23*PARAMETROS!$C$24 | H6: =IF(C6="",0,PARAMETROS!$C$25/60*(IF(PARAMETROS!$C$27="Real",SUMPRODUCT((BASE!$F$6:$F$205=C6)*BASE!$L$6:$L$205*BASE!$N$6:$N$205),SUMPRODUCT((BASE!$F$6:$F$205=C6)*BASE!$L$6:$L$205*BASE!$H$6:$H$205))*PARAMETROS!$C$26+SUMPRODUCT((BASE!$F$6:$F$205=C6)*BASE!$L$6:$L$205*BASE!$O$6:$O$205))) | I6: =IF(F6>0,H6/F6,0) | J6: =F6-H6 | K6: =MAX(0,J6) | L6: =MAX(0,-J6) | M6: =L6 | N6: =IF(C6="","",IF(H6=0,"SEM CARGA",IF(OR(F6=0,I6>=PARAMETROS!$C$7),"INSUFICIENTE",IF(I6>=PARAMETROS!$C$6,"ATENÇÃO","OK")))) | O6: =IF(PARAMETROS!$C$8="Nominal",IF(E6>0,H6/E6,0),I6) | P6: =IF(PARAMETROS!$F$11*PARAMETROS!$C$23*PARAMETROS!$C$24*PARAMETROS!$C$4>0,H6/(PARAMETROS!$F$11*PARAMETROS!$C$23*PARAMETROS!$C$24*PARAMETROS!$C$4),0) | Q6: =IF(C6="",0,PARAMETROS!$C$25/60*SUMPRODUCT((BASE!$F$6:$F$205=C6)*BASE!$L$6:$L$205*BASE!$O$6:$O$205)) | R6: =IF(F6+G6>0,H6/(F6+G6),0)
A7: 1 | B7: 2 | C7: =IF(PARAMETROS!B33="","",PARAMETROS!B33) | D7: =PARAMETROS!$C$18+PARAMETROS!$C$19+PARAMETROS!$C$20 | E7: =PARAMETROS!$C$4*(PARAMETROS!$C$18*PARAMETROS!$F$11+PARAMETROS!$C$19*PARAMETROS!$F$12+PARAMETROS!$C$20*PARAMETROS!$F$13) | F7: =E7*PARAMETROS!$C$23*PARAMETROS!$C$24 | G7: =PARAMETROS!$C$22*PARAMETROS!$C$21*D7*PARAMETROS!$C$23*PARAMETROS!$C$24 | H7: =IF(C7="",0,PARAMETROS!$C$25/60*(IF(PARAMETROS!$C$27="Real",SUMPRODUCT((BASE!$F$6:$F$205=C7)*BASE!$L$6:$L$205*BASE!$N$6:$N$205),SUMPRODUCT((BASE!$F$6:$F$205=C7)*BASE!$L$6:$L$205*BASE!$H$6:$H$205))*PARAMETROS!$C$26+SUMPRODUCT((BASE!$F$6:$F$205=C7)*BASE!$L$6:$L$205*BASE!$O$6:$O$205))) | I7: =IF(F7>0,H7/F7,0) | J7: =F7-H7 | K7: =MAX(0,J7) | L7: =MAX(0,-J7) | M7: =L7 | N7: =IF(C7="","",IF(H7=0,"SEM CARGA",IF(OR(F7=0,I7>=PARAMETROS!$C$7),"INSUFICIENTE",IF(I7>=PARAMETROS!$C$6,"ATENÇÃO","OK")))) | O7: =IF(PARAMETROS!$C$8="Nominal",IF(E7>0,H7/E7,0),I7) | P7: =IF(PARAMETROS!$F$11*PARAMETROS!$C$23*PARAMETROS!$C$24*PARAMETROS!$C$4>0,H7/(PARAMETROS!$F$11*PARAMETROS!$C$23*PARAMETROS!$C$24*PARAMETROS!$C$4),0) | Q7: =IF(C7="",0,PARAMETROS!$C$25/60*SUMPRODUCT((BASE!$F$6:$F$205=C7)*BASE!$L$6:$L$205*BASE!$O$6:$O$205)) | R7: =IF(F7+G7>0,H7/(F7+G7),0)
A8: 1 | B8: 3 | C8: =IF(PARAMETROS!B34="","",PARAMETROS!B34) | D8: =PARAMETROS!$C$18+PARAMETROS!$C$19+PARAMETROS!$C$20 | E8: =PARAMETROS!$C$4*(PARAMETROS!$C$18*PARAMETROS!$F$11+PARAMETROS!$C$19*PARAMETROS!$F$12+PARAMETROS!$C$20*PARAMETROS!$F$13) | F8: =E8*PARAMETROS!$C$23*PARAMETROS!$C$24 | G8: =PARAMETROS!$C$22*PARAMETROS!$C$21*D8*PARAMETROS!$C$23*PARAMETROS!$C$24 | H8: =IF(C8="",0,PARAMETROS!$C$25/60*(IF(PARAMETROS!$C$27="Real",SUMPRODUCT((BASE!$F$6:$F$205=C8)*BASE!$L$6:$L$205*BASE!$N$6:$N$205),SUMPRODUCT((BASE!$F$6:$F$205=C8)*BASE!$L$6:$L$205*BASE!$H$6:$H$205))*PARAMETROS!$C$26+SUMPRODUCT((BASE!$F$6:$F$205=C8)*BASE!$L$6:$L$205*BASE!$O$6:$O$205))) | I8: =IF(F8>0,H8/F8,0) | J8: =F8-H8 | K8: =MAX(0,J8) | L8: =MAX(0,-J8) | M8: =L8 | N8: =IF(C8="","",IF(H8=0,"SEM CARGA",IF(OR(F8=0,I8>=PARAMETROS!$C$7),"INSUFICIENTE",IF(I8>=PARAMETROS!$C$6,"ATENÇÃO","OK")))) | O8: =IF(PARAMETROS!$C$8="Nominal",IF(E8>0,H8/E8,0),I8) | P8: =IF(PARAMETROS!$F$11*PARAMETROS!$C$23*PARAMETROS!$C$24*PARAMETROS!$C$4>0,H8/(PARAMETROS!$F$11*PARAMETROS!$C$23*PARAMETROS!$C$24*PARAMETROS!$C$4),0) | Q8: =IF(C8="",0,PARAMETROS!$C$25/60*SUMPRODUCT((BASE!$F$6:$F$205=C8)*BASE!$L$6:$L$205*BASE!$O$6:$O$205)) | R8: =IF(F8+G8>0,H8/(F8+G8),0)
A9: 1 | B9: 4 | C9: =IF(PARAMETROS!B35="","",PARAMETROS!B35) | D9: =PARAMETROS!$C$18+PARAMETROS!$C$19+PARAMETROS!$C$20 | E9: =PARAMETROS!$C$4*(PARAMETROS!$C$18*PARAMETROS!$F$11+PARAMETROS!$C$19*PARAMETROS!$F$12+PARAMETROS!$C$20*PARAMETROS!$F$13) | F9: =E9*PARAMETROS!$C$23*PARAMETROS!$C$24 | G9: =PARAMETROS!$C$22*PARAMETROS!$C$21*D9*PARAMETROS!$C$23*PARAMETROS!$C$24 | H9: =IF(C9="",0,PARAMETROS!$C$25/60*(IF(PARAMETROS!$C$27="Real",SUMPRODUCT((BASE!$F$6:$F$205=C9)*BASE!$L$6:$L$205*BASE!$N$6:$N$205),SUMPRODUCT((BASE!$F$6:$F$205=C9)*BASE!$L$6:$L$205*BASE!$H$6:$H$205))*PARAMETROS!$C$26+SUMPRODUCT((BASE!$F$6:$F$205=C9)*BASE!$L$6:$L$205*BASE!$O$6:$O$205))) | I9: =IF(F9>0,H9/F9,0) | J9: =F9-H9 | K9: =MAX(0,J9) | L9: =MAX(0,-J9) | M9: =L9 | N9: =IF(C9="","",IF(H9=0,"SEM CARGA",IF(OR(F9=0,I9>=PARAMETROS!$C$7),"INSUFICIENTE",IF(I9>=PARAMETROS!$C$6,"ATENÇÃO","OK")))) | O9: =IF(PARAMETROS!$C$8="Nominal",IF(E9>0,H9/E9,0),I9) | P9: =IF(PARAMETROS!$F$11*PARAMETROS!$C$23*PARAMETROS!$C$24*PARAMETROS!$C$4>0,H9/(PARAMETROS!$F$11*PARAMETROS!$C$23*PARAMETROS!$C$24*PARAMETROS!$C$4),0) | Q9: =IF(C9="",0,PARAMETROS!$C$25/60*SUMPRODUCT((BASE!$F$6:$F$205=C9)*BASE!$L$6:$L$205*BASE!$O$6:$O$205)) | R9: =IF(F9+G9>0,H9/(F9+G9),0)
A10: 1 | B10: 5 | C10: =IF(PARAMETROS!B36="","",PARAMETROS!B36) | D10: =PARAMETROS!$C$18+PARAMETROS!$C$19+PARAMETROS!$C$20 | E10: =PARAMETROS!$C$4*(PARAMETROS!$C$18*PARAMETROS!$F$11+PARAMETROS!$C$19*PARAMETROS!$F$12+PARAMETROS!$C$20*PARAMETROS!$F$13) | F10: =E10*PARAMETROS!$C$23*PARAMETROS!$C$24 | G10: =PARAMETROS!$C$22*PARAMETROS!$C$21*D10*PARAMETROS!$C$23*PARAMETROS!$C$24 | H10: =IF(C10="",0,PARAMETROS!$C$25/60*(IF(PARAMETROS!$C$27="Real",SUMPRODUCT((BASE!$F$6:$F$205=C10)*BASE!$L$6:$L$205*BASE!$N$6:$N$205),SUMPRODUCT((BASE!$F$6:$F$205=C10)*BASE!$L$6:$L$205*BASE!$H$6:$H$205))*PARAMETROS!$C$26+SUMPRODUCT((BASE!$F$6:$F$205=C10)*BASE!$L$6:$L$205*BASE!$O$6:$O$205))) | I10: =IF(F10>0,H10/F10,0) | J10: =F10-H10 | K10: =MAX(0,J10) | L10: =MAX(0,-J10) | M10: =L10 | N10: =IF(C10="","",IF(H10=0,"SEM CARGA",IF(OR(F10=0,I10>=PARAMETROS!$C$7),"INSUFICIENTE",IF(I10>=PARAMETROS!$C$6,"ATENÇÃO","OK")))) | O10: =IF(PARAMETROS!$C$8="Nominal",IF(E10>0,H10/E10,0),I10) | P10: =IF(PARAMETROS!$F$11*PARAMETROS!$C$23*PARAMETROS!$C$24*PARAMETROS!$C$4>0,H10/(PARAMETROS!$F$11*PARAMETROS!$C$23*PARAMETROS!$C$24*PARAMETROS!$C$4),0) | Q10: =IF(C10="",0,PARAMETROS!$C$25/60*SUMPRODUCT((BASE!$F$6:$F$205=C10)*BASE!$L$6:$L$205*BASE!$O$6:$O$205)) | R10: =IF(F10+G10>0,H10/(F10+G10),0)
A11: 1 | B11: 6 | C11: =IF(PARAMETROS!B37="","",PARAMETROS!B37) | D11: =PARAMETROS!$C$18+PARAMETROS!$C$19+PARAMETROS!$C$20 | E11: =PARAMETROS!$C$4*(PARAMETROS!$C$18*PARAMETROS!$F$11+PARAMETROS!$C$19*PARAMETROS!$F$12+PARAMETROS!$C$20*PARAMETROS!$F$13) | F11: =E11*PARAMETROS!$C$23*PARAMETROS!$C$24 | G11: =PARAMETROS!$C$22*PARAMETROS!$C$21*D11*PARAMETROS!$C$23*PARAMETROS!$C$24 | H11: =IF(C11="",0,PARAMETROS!$C$25/60*(IF(PARAMETROS!$C$27="Real",SUMPRODUCT((BASE!$F$6:$F$205=C11)*BASE!$L$6:$L$205*BASE!$N$6:$N$205),SUMPRODUCT((BASE!$F$6:$F$205=C11)*BASE!$L$6:$L$205*BASE!$H$6:$H$205))*PARAMETROS!$C$26+SUMPRODUCT((BASE!$F$6:$F$205=C11)*BASE!$L$6:$L$205*BASE!$O$6:$O$205))) | I11: =IF(F11>0,H11/F11,0) | J11: =F11-H11 | K11: =MAX(0,J11) | L11: =MAX(0,-J11) | M11: =L11 | N11: =IF(C11="","",IF(H11=0,"SEM CARGA",IF(OR(F11=0,I11>=PARAMETROS!$C$7),"INSUFICIENTE",IF(I11>=PARAMETROS!$C$6,"ATENÇÃO","OK")))) | O11: =IF(PARAMETROS!$C$8="Nominal",IF(E11>0,H11/E11,0),I11) | P11: =IF(PARAMETROS!$F$11*PARAMETROS!$C$23*PARAMETROS!$C$24*PARAMETROS!$C$4>0,H11/(PARAMETROS!$F$11*PARAMETROS!$C$23*PARAMETROS!$C$24*PARAMETROS!$C$4),0) | Q11: =IF(C11="",0,PARAMETROS!$C$25/60*SUMPRODUCT((BASE!$F$6:$F$205=C11)*BASE!$L$6:$L$205*BASE!$O$6:$O$205)) | R11: =IF(F11+G11>0,H11/(F11+G11),0)
A12: 2 | B12: 1 | C12: =IF(PARAMETROS!B32="","",PARAMETROS!B32) | D12: =PARAMETROS!$D$18+PARAMETROS!$D$19+PARAMETROS!$D$20 | E12: =PARAMETROS!$C$4*(PARAMETROS!$D$18*PARAMETROS!$F$11+PARAMETROS!$D$19*PARAMETROS!$F$12+PARAMETROS!$D$20*PARAMETROS!$F$13) | F12: =E12*PARAMETROS!$D$23*PARAMETROS!$D$24 | G12: =PARAMETROS!$D$22*PARAMETROS!$D$21*D12*PARAMETROS!$D$23*PARAMETROS!$D$24 | H12: =IF(C12="",0,PARAMETROS!$D$25/60*(IF(PARAMETROS!$D$27="Real",SUMPRODUCT((BASE!$F$6:$F$205=C12)*BASE!$L$6:$L$205*BASE!$N$6:$N$205),SUMPRODUCT((BASE!$F$6:$F$205=C12)*BASE!$L$6:$L$205*BASE!$H$6:$H$205))*PARAMETROS!$D$26+SUMPRODUCT((BASE!$F$6:$F$205=C12)*BASE!$L$6:$L$205*BASE!$O$6:$O$205))) | I12: =IF(F12>0,H12/F12,0) | J12: =F12-H12 | K12: =MAX(0,J12) | L12: =MAX(0,-J12) | M12: =L12 | N12: =IF(C12="","",IF(H12=0,"SEM CARGA",IF(OR(F12=0,I12>=PARAMETROS!$C$7),"INSUFICIENTE",IF(I12>=PARAMETROS!$C$6,"ATENÇÃO","OK")))) | O12: =IF(PARAMETROS!$C$8="Nominal",IF(E12>0,H12/E12,0),I12) | P12: =IF(PARAMETROS!$F$11*PARAMETROS!$D$23*PARAMETROS!$D$24*PARAMETROS!$C$4>0,H12/(PARAMETROS!$F$11*PARAMETROS!$D$23*PARAMETROS!$D$24*PARAMETROS!$C$4),0) | Q12: =IF(C12="",0,PARAMETROS!$D$25/60*SUMPRODUCT((BASE!$F$6:$F$205=C12)*BASE!$L$6:$L$205*BASE!$O$6:$O$205)) | R12: =IF(F12+G12>0,H12/(F12+G12),0)
A13: 2 | B13: 2 | C13: =IF(PARAMETROS!B33="","",PARAMETROS!B33) | D13: =PARAMETROS!$D$18+PARAMETROS!$D$19+PARAMETROS!$D$20 | E13: =PARAMETROS!$C$4*(PARAMETROS!$D$18*PARAMETROS!$F$11+PARAMETROS!$D$19*PARAMETROS!$F$12+PARAMETROS!$D$20*PARAMETROS!$F$13) | F13: =E13*PARAMETROS!$D$23*PARAMETROS!$D$24 | G13: =PARAMETROS!$D$22*PARAMETROS!$D$21*D13*PARAMETROS!$D$23*PARAMETROS!$D$24 | H13: =IF(C13="",0,PARAMETROS!$D$25/60*(IF(PARAMETROS!$D$27="Real",SUMPRODUCT((BASE!$F$6:$F$205=C13)*BASE!$L$6:$L$205*BASE!$N$6:$N$205),SUMPRODUCT((BASE!$F$6:$F$205=C13)*BASE!$L$6:$L$205*BASE!$H$6:$H$205))*PARAMETROS!$D$26+SUMPRODUCT((BASE!$F$6:$F$205=C13)*BASE!$L$6:$L$205*BASE!$O$6:$O$205))) | I13: =IF(F13>0,H13/F13,0) | J13: =F13-H13 | K13: =MAX(0,J13) | L13: =MAX(0,-J13) | M13: =L13 | N13: =IF(C13="","",IF(H13=0,"SEM CARGA",IF(OR(F13=0,I13>=PARAMETROS!$C$7),"INSUFICIENTE",IF(I13>=PARAMETROS!$C$6,"ATENÇÃO","OK")))) | O13: =IF(PARAMETROS!$C$8="Nominal",IF(E13>0,H13/E13,0),I13) | P13: =IF(PARAMETROS!$F$11*PARAMETROS!$D$23*PARAMETROS!$D$24*PARAMETROS!$C$4>0,H13/(PARAMETROS!$F$11*PARAMETROS!$D$23*PARAMETROS!$D$24*PARAMETROS!$C$4),0) | Q13: =IF(C13="",0,PARAMETROS!$D$25/60*SUMPRODUCT((BASE!$F$6:$F$205=C13)*BASE!$L$6:$L$205*BASE!$O$6:$O$205)) | R13: =IF(F13+G13>0,H13/(F13+G13),0)
A14: 2 | B14: 3 | C14: =IF(PARAMETROS!B34="","",PARAMETROS!B34) | D14: =PARAMETROS!$D$18+PARAMETROS!$D$19+PARAMETROS!$D$20 | E14: =PARAMETROS!$C$4*(PARAMETROS!$D$18*PARAMETROS!$F$11+PARAMETROS!$D$19*PARAMETROS!$F$12+PARAMETROS!$D$20*PARAMETROS!$F$13) | F14: =E14*PARAMETROS!$D$23*PARAMETROS!$D$24 | G14: =PARAMETROS!$D$22*PARAMETROS!$D$21*D14*PARAMETROS!$D$23*PARAMETROS!$D$24 | H14: =IF(C14="",0,PARAMETROS!$D$25/60*(IF(PARAMETROS!$D$27="Real",SUMPRODUCT((BASE!$F$6:$F$205=C14)*BASE!$L$6:$L$205*BASE!$N$6:$N$205),SUMPRODUCT((BASE!$F$6:$F$205=C14)*BASE!$L$6:$L$205*BASE!$H$6:$H$205))*PARAMETROS!$D$26+SUMPRODUCT((BASE!$F$6:$F$205=C14)*BASE!$L$6:$L$205*BASE!$O$6:$O$205))) | I14: =IF(F14>0,H14/F14,0) | J14: =F14-H14 | K14: =MAX(0,J14) | L14: =MAX(0,-J14) | M14: =L14 | N14: =IF(C14="","",IF(H14=0,"SEM CARGA",IF(OR(F14=0,I14>=PARAMETROS!$C$7),"INSUFICIENTE",IF(I14>=PARAMETROS!$C$6,"ATENÇÃO","OK")))) | O14: =IF(PARAMETROS!$C$8="Nominal",IF(E14>0,H14/E14,0),I14) | P14: =IF(PARAMETROS!$F$11*PARAMETROS!$D$23*PARAMETROS!$D$24*PARAMETROS!$C$4>0,H14/(PARAMETROS!$F$11*PARAMETROS!$D$23*PARAMETROS!$D$24*PARAMETROS!$C$4),0) | Q14: =IF(C14="",0,PARAMETROS!$D$25/60*SUMPRODUCT((BASE!$F$6:$F$205=C14)*BASE!$L$6:$L$205*BASE!$O$6:$O$205)) | R14: =IF(F14+G14>0,H14/(F14+G14),0)
A15: 2 | B15: 4 | C15: =IF(PARAMETROS!B35="","",PARAMETROS!B35) | D15: =PARAMETROS!$D$18+PARAMETROS!$D$19+PARAMETROS!$D$20 | E15: =PARAMETROS!$C$4*(PARAMETROS!$D$18*PARAMETROS!$F$11+PARAMETROS!$D$19*PARAMETROS!$F$12+PARAMETROS!$D$20*PARAMETROS!$F$13) | F15: =E15*PARAMETROS!$D$23*PARAMETROS!$D$24 | G15: =PARAMETROS!$D$22*PARAMETROS!$D$21*D15*PARAMETROS!$D$23*PARAMETROS!$D$24 | H15: =IF(C15="",0,PARAMETROS!$D$25/60*(IF(PARAMETROS!$D$27="Real",SUMPRODUCT((BASE!$F$6:$F$205=C15)*BASE!$L$6:$L$205*BASE!$N$6:$N$205),SUMPRODUCT((BASE!$F$6:$F$205=C15)*BASE!$L$6:$L$205*BASE!$H$6:$H$205))*PARAMETROS!$D$26+SUMPRODUCT((BASE!$F$6:$F$205=C15)*BASE!$L$6:$L$205*BASE!$O$6:$O$205))) | I15: =IF(F15>0,H15/F15,0) | J15: =F15-H15 | K15: =MAX(0,J15) | L15: =MAX(0,-J15) | M15: =L15 | N15: =IF(C15="","",IF(H15=0,"SEM CARGA",IF(OR(F15=0,I15>=PARAMETROS!$C$7),"INSUFICIENTE",IF(I15>=PARAMETROS!$C$6,"ATENÇÃO","OK")))) | O15: =IF(PARAMETROS!$C$8="Nominal",IF(E15>0,H15/E15,0),I15) | P15: =IF(PARAMETROS!$F$11*PARAMETROS!$D$23*PARAMETROS!$D$24*PARAMETROS!$C$4>0,H15/(PARAMETROS!$F$11*PARAMETROS!$D$23*PARAMETROS!$D$24*PARAMETROS!$C$4),0) | Q15: =IF(C15="",0,PARAMETROS!$D$25/60*SUMPRODUCT((BASE!$F$6:$F$205=C15)*BASE!$L$6:$L$205*BASE!$O$6:$O$205)) | R15: =IF(F15+G15>0,H15/(F15+G15),0)
A16: 2 | B16: 5 | C16: =IF(PARAMETROS!B36="","",PARAMETROS!B36) | D16: =PARAMETROS!$D$18+PARAMETROS!$D$19+PARAMETROS!$D$20 | E16: =PARAMETROS!$C$4*(PARAMETROS!$D$18*PARAMETROS!$F$11+PARAMETROS!$D$19*PARAMETROS!$F$12+PARAMETROS!$D$20*PARAMETROS!$F$13) | F16: =E16*PARAMETROS!$D$23*PARAMETROS!$D$24 | G16: =PARAMETROS!$D$22*PARAMETROS!$D$21*D16*PARAMETROS!$D$23*PARAMETROS!$D$24 | H16: =IF(C16="",0,PARAMETROS!$D$25/60*(IF(PARAMETROS!$D$27="Real",SUMPRODUCT((BASE!$F$6:$F$205=C16)*BASE!$L$6:$L$205*BASE!$N$6:$N$205),SUMPRODUCT((BASE!$F$6:$F$205=C16)*BASE!$L$6:$L$205*BASE!$H$6:$H$205))*PARAMETROS!$D$26+SUMPRODUCT((BASE!$F$6:$F$205=C16)*BASE!$L$6:$L$205*BASE!$O$6:$O$205))) | I16: =IF(F16>0,H16/F16,0) | J16: =F16-H16 | K16: =MAX(0,J16) | L16: =MAX(0,-J16) | M16: =L16 | N16: =IF(C16="","",IF(H16=0,"SEM CARGA",IF(OR(F16=0,I16>=PARAMETROS!$C$7),"INSUFICIENTE",IF(I16>=PARAMETROS!$C$6,"ATENÇÃO","OK")))) | O16: =IF(PARAMETROS!$C$8="Nominal",IF(E16>0,H16/E16,0),I16) | P16: =IF(PARAMETROS!$F$11*PARAMETROS!$D$23*PARAMETROS!$D$24*PARAMETROS!$C$4>0,H16/(PARAMETROS!$F$11*PARAMETROS!$D$23*PARAMETROS!$D$24*PARAMETROS!$C$4),0) | Q16: =IF(C16="",0,PARAMETROS!$D$25/60*SUMPRODUCT((BASE!$F$6:$F$205=C16)*BASE!$L$6:$L$205*BASE!$O$6:$O$205)) | R16: =IF(F16+G16>0,H16/(F16+G16),0)
A17: 2 | B17: 6 | C17: =IF(PARAMETROS!B37="","",PARAMETROS!B37) | D17: =PARAMETROS!$D$18+PARAMETROS!$D$19+PARAMETROS!$D$20 | E17: =PARAMETROS!$C$4*(PARAMETROS!$D$18*PARAMETROS!$F$11+PARAMETROS!$D$19*PARAMETROS!$F$12+PARAMETROS!$D$20*PARAMETROS!$F$13) | F17: =E17*PARAMETROS!$D$23*PARAMETROS!$D$24 | G17: =PARAMETROS!$D$22*PARAMETROS!$D$21*D17*PARAMETROS!$D$23*PARAMETROS!$D$24 | H17: =IF(C17="",0,PARAMETROS!$D$25/60*(IF(PARAMETROS!$D$27="Real",SUMPRODUCT((BASE!$F$6:$F$205=C17)*BASE!$L$6:$L$205*BASE!$N$6:$N$205),SUMPRODUCT((BASE!$F$6:$F$205=C17)*BASE!$L$6:$L$205*BASE!$H$6:$H$205))*PARAMETROS!$D$26+SUMPRODUCT((BASE!$F$6:$F$205=C17)*BASE!$L$6:$L$205*BASE!$O$6:$O$205))) | I17: =IF(F17>0,H17/F17,0) | J17: =F17-H17 | K17: =MAX(0,J17) | L17: =MAX(0,-J17) | M17: =L17 | N17: =IF(C17="","",IF(H17=0,"SEM CARGA",IF(OR(F17=0,I17>=PARAMETROS!$C$7),"INSUFICIENTE",IF(I17>=PARAMETROS!$C$6,"ATENÇÃO","OK")))) | O17: =IF(PARAMETROS!$C$8="Nominal",IF(E17>0,H17/E17,0),I17) | P17: =IF(PARAMETROS!$F$11*PARAMETROS!$D$23*PARAMETROS!$D$24*PARAMETROS!$C$4>0,H17/(PARAMETROS!$F$11*PARAMETROS!$D$23*PARAMETROS!$D$24*PARAMETROS!$C$4),0) | Q17: =IF(C17="",0,PARAMETROS!$D$25/60*SUMPRODUCT((BASE!$F$6:$F$205=C17)*BASE!$L$6:$L$205*BASE!$O$6:$O$205)) | R17: =IF(F17+G17>0,H17/(F17+G17),0)
A18: 3 | B18: 1 | C18: =IF(PARAMETROS!B32="","",PARAMETROS!B32) | D18: =PARAMETROS!$E$18+PARAMETROS!$E$19+PARAMETROS!$E$20 | E18: =PARAMETROS!$C$4*(PARAMETROS!$E$18*PARAMETROS!$F$11+PARAMETROS!$E$19*PARAMETROS!$F$12+PARAMETROS!$E$20*PARAMETROS!$F$13) | F18: =E18*PARAMETROS!$E$23*PARAMETROS!$E$24 | G18: =PARAMETROS!$E$22*PARAMETROS!$E$21*D18*PARAMETROS!$E$23*PARAMETROS!$E$24 | H18: =IF(C18="",0,PARAMETROS!$E$25/60*(IF(PARAMETROS!$E$27="Real",SUMPRODUCT((BASE!$F$6:$F$205=C18)*BASE!$L$6:$L$205*BASE!$N$6:$N$205),SUMPRODUCT((BASE!$F$6:$F$205=C18)*BASE!$L$6:$L$205*BASE!$H$6:$H$205))*PARAMETROS!$E$26+SUMPRODUCT((BASE!$F$6:$F$205=C18)*BASE!$L$6:$L$205*BASE!$O$6:$O$205))) | I18: =IF(F18>0,H18/F18,0) | J18: =F18-H18 | K18: =MAX(0,J18) | L18: =MAX(0,-J18) | M18: =L18 | N18: =IF(C18="","",IF(H18=0,"SEM CARGA",IF(OR(F18=0,I18>=PARAMETROS!$C$7),"INSUFICIENTE",IF(I18>=PARAMETROS!$C$6,"ATENÇÃO","OK")))) | O18: =IF(PARAMETROS!$C$8="Nominal",IF(E18>0,H18/E18,0),I18) | P18: =IF(PARAMETROS!$F$11*PARAMETROS!$E$23*PARAMETROS!$E$24*PARAMETROS!$C$4>0,H18/(PARAMETROS!$F$11*PARAMETROS!$E$23*PARAMETROS!$E$24*PARAMETROS!$C$4),0) | Q18: =IF(C18="",0,PARAMETROS!$E$25/60*SUMPRODUCT((BASE!$F$6:$F$205=C18)*BASE!$L$6:$L$205*BASE!$O$6:$O$205)) | R18: =IF(F18+G18>0,H18/(F18+G18),0)
A19: 3 | B19: 2 | C19: =IF(PARAMETROS!B33="","",PARAMETROS!B33) | D19: =PARAMETROS!$E$18+PARAMETROS!$E$19+PARAMETROS!$E$20 | E19: =PARAMETROS!$C$4*(PARAMETROS!$E$18*PARAMETROS!$F$11+PARAMETROS!$E$19*PARAMETROS!$F$12+PARAMETROS!$E$20*PARAMETROS!$F$13) | F19: =E19*PARAMETROS!$E$23*PARAMETROS!$E$24 | G19: =PARAMETROS!$E$22*PARAMETROS!$E$21*D19*PARAMETROS!$E$23*PARAMETROS!$E$24 | H19: =IF(C19="",0,PARAMETROS!$E$25/60*(IF(PARAMETROS!$E$27="Real",SUMPRODUCT((BASE!$F$6:$F$205=C19)*BASE!$L$6:$L$205*BASE!$N$6:$N$205),SUMPRODUCT((BASE!$F$6:$F$205=C19)*BASE!$L$6:$L$205*BASE!$H$6:$H$205))*PARAMETROS!$E$26+SUMPRODUCT((BASE!$F$6:$F$205=C19)*BASE!$L$6:$L$205*BASE!$O$6:$O$205))) | I19: =IF(F19>0,H19/F19,0) | J19: =F19-H19 | K19: =MAX(0,J19) | L19: =MAX(0,-J19) | M19: =L19 | N19: =IF(C19="","",IF(H19=0,"SEM CARGA",IF(OR(F19=0,I19>=PARAMETROS!$C$7),"INSUFICIENTE",IF(I19>=PARAMETROS!$C$6,"ATENÇÃO","OK")))) | O19: =IF(PARAMETROS!$C$8="Nominal",IF(E19>0,H19/E19,0),I19) | P19: =IF(PARAMETROS!$F$11*PARAMETROS!$E$23*PARAMETROS!$E$24*PARAMETROS!$C$4>0,H19/(PARAMETROS!$F$11*PARAMETROS!$E$23*PARAMETROS!$E$24*PARAMETROS!$C$4),0) | Q19: =IF(C19="",0,PARAMETROS!$E$25/60*SUMPRODUCT((BASE!$F$6:$F$205=C19)*BASE!$L$6:$L$205*BASE!$O$6:$O$205)) | R19: =IF(F19+G19>0,H19/(F19+G19),0)
A20: 3 | B20: 3 | C20: =IF(PARAMETROS!B34="","",PARAMETROS!B34) | D20: =PARAMETROS!$E$18+PARAMETROS!$E$19+PARAMETROS!$E$20 | E20: =PARAMETROS!$C$4*(PARAMETROS!$E$18*PARAMETROS!$F$11+PARAMETROS!$E$19*PARAMETROS!$F$12+PARAMETROS!$E$20*PARAMETROS!$F$13) | F20: =E20*PARAMETROS!$E$23*PARAMETROS!$E$24 | G20: =PARAMETROS!$E$22*PARAMETROS!$E$21*D20*PARAMETROS!$E$23*PARAMETROS!$E$24 | H20: =IF(C20="",0,PARAMETROS!$E$25/60*(IF(PARAMETROS!$E$27="Real",SUMPRODUCT((BASE!$F$6:$F$205=C20)*BASE!$L$6:$L$205*BASE!$N$6:$N$205),SUMPRODUCT((BASE!$F$6:$F$205=C20)*BASE!$L$6:$L$205*BASE!$H$6:$H$205))*PARAMETROS!$E$26+SUMPRODUCT((BASE!$F$6:$F$205=C20)*BASE!$L$6:$L$205*BASE!$O$6:$O$205))) | I20: =IF(F20>0,H20/F20,0) | J20: =F20-H20 | K20: =MAX(0,J20) | L20: =MAX(0,-J20) | M20: =L20 | N20: =IF(C20="","",IF(H20=0,"SEM CARGA",IF(OR(F20=0,I20>=PARAMETROS!$C$7),"INSUFICIENTE",IF(I20>=PARAMETROS!$C$6,"ATENÇÃO","OK")))) | O20: =IF(PARAMETROS!$C$8="Nominal",IF(E20>0,H20/E20,0),I20) | P20: =IF(PARAMETROS!$F$11*PARAMETROS!$E$23*PARAMETROS!$E$24*PARAMETROS!$C$4>0,H20/(PARAMETROS!$F$11*PARAMETROS!$E$23*PARAMETROS!$E$24*PARAMETROS!$C$4),0) | Q20: =IF(C20="",0,PARAMETROS!$E$25/60*SUMPRODUCT((BASE!$F$6:$F$205=C20)*BASE!$L$6:$L$205*BASE!$O$6:$O$205)) | R20: =IF(F20+G20>0,H20/(F20+G20),0)
A21: 3 | B21: 4 | C21: =IF(PARAMETROS!B35="","",PARAMETROS!B35) | D21: =PARAMETROS!$E$18+PARAMETROS!$E$19+PARAMETROS!$E$20 | E21: =PARAMETROS!$C$4*(PARAMETROS!$E$18*PARAMETROS!$F$11+PARAMETROS!$E$19*PARAMETROS!$F$12+PARAMETROS!$E$20*PARAMETROS!$F$13) | F21: =E21*PARAMETROS!$E$23*PARAMETROS!$E$24 | G21: =PARAMETROS!$E$22*PARAMETROS!$E$21*D21*PARAMETROS!$E$23*PARAMETROS!$E$24 | H21: =IF(C21="",0,PARAMETROS!$E$25/60*(IF(PARAMETROS!$E$27="Real",SUMPRODUCT((BASE!$F$6:$F$205=C21)*BASE!$L$6:$L$205*BASE!$N$6:$N$205),SUMPRODUCT((BASE!$F$6:$F$205=C21)*BASE!$L$6:$L$205*BASE!$H$6:$H$205))*PARAMETROS!$E$26+SUMPRODUCT((BASE!$F$6:$F$205=C21)*BASE!$L$6:$L$205*BASE!$O$6:$O$205))) | I21: =IF(F21>0,H21/F21,0) | J21: =F21-H21 | K21: =MAX(0,J21) | L21: =MAX(0,-J21) | M21: =L21 | N21: =IF(C21="","",IF(H21=0,"SEM CARGA",IF(OR(F21=0,I21>=PARAMETROS!$C$7),"INSUFICIENTE",IF(I21>=PARAMETROS!$C$6,"ATENÇÃO","OK")))) | O21: =IF(PARAMETROS!$C$8="Nominal",IF(E21>0,H21/E21,0),I21) | P21: =IF(PARAMETROS!$F$11*PARAMETROS!$E$23*PARAMETROS!$E$24*PARAMETROS!$C$4>0,H21/(PARAMETROS!$F$11*PARAMETROS!$E$23*PARAMETROS!$E$24*PARAMETROS!$C$4),0) | Q21: =IF(C21="",0,PARAMETROS!$E$25/60*SUMPRODUCT((BASE!$F$6:$F$205=C21)*BASE!$L$6:$L$205*BASE!$O$6:$O$205)) | R21: =IF(F21+G21>0,H21/(F21+G21),0)
A22: 3 | B22: 5 | C22: =IF(PARAMETROS!B36="","",PARAMETROS!B36) | D22: =PARAMETROS!$E$18+PARAMETROS!$E$19+PARAMETROS!$E$20 | E22: =PARAMETROS!$C$4*(PARAMETROS!$E$18*PARAMETROS!$F$11+PARAMETROS!$E$19*PARAMETROS!$F$12+PARAMETROS!$E$20*PARAMETROS!$F$13) | F22: =E22*PARAMETROS!$E$23*PARAMETROS!$E$24 | G22: =PARAMETROS!$E$22*PARAMETROS!$E$21*D22*PARAMETROS!$E$23*PARAMETROS!$E$24 | H22: =IF(C22="",0,PARAMETROS!$E$25/60*(IF(PARAMETROS!$E$27="Real",SUMPRODUCT((BASE!$F$6:$F$205=C22)*BASE!$L$6:$L$205*BASE!$N$6:$N$205),SUMPRODUCT((BASE!$F$6:$F$205=C22)*BASE!$L$6:$L$205*BASE!$H$6:$H$205))*PARAMETROS!$E$26+SUMPRODUCT((BASE!$F$6:$F$205=C22)*BASE!$L$6:$L$205*BASE!$O$6:$O$205))) | I22: =IF(F22>0,H22/F22,0) | J22: =F22-H22 | K22: =MAX(0,J22) | L22: =MAX(0,-J22) | M22: =L22 | N22: =IF(C22="","",IF(H22=0,"SEM CARGA",IF(OR(F22=0,I22>=PARAMETROS!$C$7),"INSUFICIENTE",IF(I22>=PARAMETROS!$C$6,"ATENÇÃO","OK")))) | O22: =IF(PARAMETROS!$C$8="Nominal",IF(E22>0,H22/E22,0),I22) | P22: =IF(PARAMETROS!$F$11*PARAMETROS!$E$23*PARAMETROS!$E$24*PARAMETROS!$C$4>0,H22/(PARAMETROS!$F$11*PARAMETROS!$E$23*PARAMETROS!$E$24*PARAMETROS!$C$4),0) | Q22: =IF(C22="",0,PARAMETROS!$E$25/60*SUMPRODUCT((BASE!$F$6:$F$205=C22)*BASE!$L$6:$L$205*BASE!$O$6:$O$205)) | R22: =IF(F22+G22>0,H22/(F22+G22),0)
A23: 3 | B23: 6 | C23: =IF(PARAMETROS!B37="","",PARAMETROS!B37) | D23: =PARAMETROS!$E$18+PARAMETROS!$E$19+PARAMETROS!$E$20 | E23: =PARAMETROS!$C$4*(PARAMETROS!$E$18*PARAMETROS!$F$11+PARAMETROS!$E$19*PARAMETROS!$F$12+PARAMETROS!$E$20*PARAMETROS!$F$13) | F23: =E23*PARAMETROS!$E$23*PARAMETROS!$E$24 | G23: =PARAMETROS!$E$22*PARAMETROS!$E$21*D23*PARAMETROS!$E$23*PARAMETROS!$E$24 | H23: =IF(C23="",0,PARAMETROS!$E$25/60*(IF(PARAMETROS!$E$27="Real",SUMPRODUCT((BASE!$F$6:$F$205=C23)*BASE!$L$6:$L$205*BASE!$N$6:$N$205),SUMPRODUCT((BASE!$F$6:$F$205=C23)*BASE!$L$6:$L$205*BASE!$H$6:$H$205))*PARAMETROS!$E$26+SUMPRODUCT((BASE!$F$6:$F$205=C23)*BASE!$L$6:$L$205*BASE!$O$6:$O$205))) | I23: =IF(F23>0,H23/F23,0) | J23: =F23-H23 | K23: =MAX(0,J23) | L23: =MAX(0,-J23) | M23: =L23 | N23: =IF(C23="","",IF(H23=0,"SEM CARGA",IF(OR(F23=0,I23>=PARAMETROS!$C$7),"INSUFICIENTE",IF(I23>=PARAMETROS!$C$6,"ATENÇÃO","OK")))) | O23: =IF(PARAMETROS!$C$8="Nominal",IF(E23>0,H23/E23,0),I23) | P23: =IF(PARAMETROS!$F$11*PARAMETROS!$E$23*PARAMETROS!$E$24*PARAMETROS!$C$4>0,H23/(PARAMETROS!$F$11*PARAMETROS!$E$23*PARAMETROS!$E$24*PARAMETROS!$C$4),0) | Q23: =IF(C23="",0,PARAMETROS!$E$25/60*SUMPRODUCT((BASE!$F$6:$F$205=C23)*BASE!$L$6:$L$205*BASE!$O$6:$O$205)) | R23: =IF(F23+G23>0,H23/(F23+G23),0)
A24: 4 | B24: 1 | C24: =IF(PARAMETROS!B32="","",PARAMETROS!B32) | D24: =PARAMETROS!$F$18+PARAMETROS!$F$19+PARAMETROS!$F$20 | E24: =PARAMETROS!$C$4*(PARAMETROS!$F$18*PARAMETROS!$F$11+PARAMETROS!$F$19*PARAMETROS!$F$12+PARAMETROS!$F$20*PARAMETROS!$F$13) | F24: =E24*PARAMETROS!$F$23*PARAMETROS!$F$24 | G24: =PARAMETROS!$F$22*PARAMETROS!$F$21*D24*PARAMETROS!$F$23*PARAMETROS!$F$24 | H24: =IF(C24="",0,PARAMETROS!$F$25/60*(IF(PARAMETROS!$F$27="Real",SUMPRODUCT((BASE!$F$6:$F$205=C24)*BASE!$L$6:$L$205*BASE!$N$6:$N$205),SUMPRODUCT((BASE!$F$6:$F$205=C24)*BASE!$L$6:$L$205*BASE!$H$6:$H$205))*PARAMETROS!$F$26+SUMPRODUCT((BASE!$F$6:$F$205=C24)*BASE!$L$6:$L$205*BASE!$O$6:$O$205))) | I24: =IF(F24>0,H24/F24,0) | J24: =F24-H24 | K24: =MAX(0,J24) | L24: =MAX(0,-J24) | M24: =L24 | N24: =IF(C24="","",IF(H24=0,"SEM CARGA",IF(OR(F24=0,I24>=PARAMETROS!$C$7),"INSUFICIENTE",IF(I24>=PARAMETROS!$C$6,"ATENÇÃO","OK")))) | O24: =IF(PARAMETROS!$C$8="Nominal",IF(E24>0,H24/E24,0),I24) | P24: =IF(PARAMETROS!$F$11*PARAMETROS!$F$23*PARAMETROS!$F$24*PARAMETROS!$C$4>0,H24/(PARAMETROS!$F$11*PARAMETROS!$F$23*PARAMETROS!$F$24*PARAMETROS!$C$4),0) | Q24: =IF(C24="",0,PARAMETROS!$F$25/60*SUMPRODUCT((BASE!$F$6:$F$205=C24)*BASE!$L$6:$L$205*BASE!$O$6:$O$205)) | R24: =IF(F24+G24>0,H24/(F24+G24),0)
A25: 4 | B25: 2 | C25: =IF(PARAMETROS!B33="","",PARAMETROS!B33) | D25: =PARAMETROS!$F$18+PARAMETROS!$F$19+PARAMETROS!$F$20 | E25: =PARAMETROS!$C$4*(PARAMETROS!$F$18*PARAMETROS!$F$11+PARAMETROS!$F$19*PARAMETROS!$F$12+PARAMETROS!$F$20*PARAMETROS!$F$13) | F25: =E25*PARAMETROS!$F$23*PARAMETROS!$F$24 | G25: =PARAMETROS!$F$22*PARAMETROS!$F$21*D25*PARAMETROS!$F$23*PARAMETROS!$F$24 | H25: =IF(C25="",0,PARAMETROS!$F$25/60*(IF(PARAMETROS!$F$27="Real",SUMPRODUCT((BASE!$F$6:$F$205=C25)*BASE!$L$6:$L$205*BASE!$N$6:$N$205),SUMPRODUCT((BASE!$F$6:$F$205=C25)*BASE!$L$6:$L$205*BASE!$H$6:$H$205))*PARAMETROS!$F$26+SUMPRODUCT((BASE!$F$6:$F$205=C25)*BASE!$L$6:$L$205*BASE!$O$6:$O$205))) | I25: =IF(F25>0,H25/F25,0) | J25: =F25-H25 | K25: =MAX(0,J25) | L25: =MAX(0,-J25) | M25: =L25 | N25: =IF(C25="","",IF(H25=0,"SEM CARGA",IF(OR(F25=0,I25>=PARAMETROS!$C$7),"INSUFICIENTE",IF(I25>=PARAMETROS!$C$6,"ATENÇÃO","OK")))) | O25: =IF(PARAMETROS!$C$8="Nominal",IF(E25>0,H25/E25,0),I25) | P25: =IF(PARAMETROS!$F$11*PARAMETROS!$F$23*PARAMETROS!$F$24*PARAMETROS!$C$4>0,H25/(PARAMETROS!$F$11*PARAMETROS!$F$23*PARAMETROS!$F$24*PARAMETROS!$C$4),0) | Q25: =IF(C25="",0,PARAMETROS!$F$25/60*SUMPRODUCT((BASE!$F$6:$F$205=C25)*BASE!$L$6:$L$205*BASE!$O$6:$O$205)) | R25: =IF(F25+G25>0,H25/(F25+G25),0)
A26: 4 | B26: 3 | C26: =IF(PARAMETROS!B34="","",PARAMETROS!B34) | D26: =PARAMETROS!$F$18+PARAMETROS!$F$19+PARAMETROS!$F$20 | E26: =PARAMETROS!$C$4*(PARAMETROS!$F$18*PARAMETROS!$F$11+PARAMETROS!$F$19*PARAMETROS!$F$12+PARAMETROS!$F$20*PARAMETROS!$F$13) | F26: =E26*PARAMETROS!$F$23*PARAMETROS!$F$24 | G26: =PARAMETROS!$F$22*PARAMETROS!$F$21*D26*PARAMETROS!$F$23*PARAMETROS!$F$24 | H26: =IF(C26="",0,PARAMETROS!$F$25/60*(IF(PARAMETROS!$F$27="Real",SUMPRODUCT((BASE!$F$6:$F$205=C26)*BASE!$L$6:$L$205*BASE!$N$6:$N$205),SUMPRODUCT((BASE!$F$6:$F$205=C26)*BASE!$L$6:$L$205*BASE!$H$6:$H$205))*PARAMETROS!$F$26+SUMPRODUCT((BASE!$F$6:$F$205=C26)*BASE!$L$6:$L$205*BASE!$O$6:$O$205))) | I26: =IF(F26>0,H26/F26,0) | J26: =F26-H26 | K26: =MAX(0,J26) | L26: =MAX(0,-J26) | M26: =L26 | N26: =IF(C26="","",IF(H26=0,"SEM CARGA",IF(OR(F26=0,I26>=PARAMETROS!$C$7),"INSUFICIENTE",IF(I26>=PARAMETROS!$C$6,"ATENÇÃO","OK")))) | O26: =IF(PARAMETROS!$C$8="Nominal",IF(E26>0,H26/E26,0),I26) | P26: =IF(PARAMETROS!$F$11*PARAMETROS!$F$23*PARAMETROS!$F$24*PARAMETROS!$C$4>0,H26/(PARAMETROS!$F$11*PARAMETROS!$F$23*PARAMETROS!$F$24*PARAMETROS!$C$4),0) | Q26: =IF(C26="",0,PARAMETROS!$F$25/60*SUMPRODUCT((BASE!$F$6:$F$205=C26)*BASE!$L$6:$L$205*BASE!$O$6:$O$205)) | R26: =IF(F26+G26>0,H26/(F26+G26),0)
A27: 4 | B27: 4 | C27: =IF(PARAMETROS!B35="","",PARAMETROS!B35) | D27: =PARAMETROS!$F$18+PARAMETROS!$F$19+PARAMETROS!$F$20 | E27: =PARAMETROS!$C$4*(PARAMETROS!$F$18*PARAMETROS!$F$11+PARAMETROS!$F$19*PARAMETROS!$F$12+PARAMETROS!$F$20*PARAMETROS!$F$13) | F27: =E27*PARAMETROS!$F$23*PARAMETROS!$F$24 | G27: =PARAMETROS!$F$22*PARAMETROS!$F$21*D27*PARAMETROS!$F$23*PARAMETROS!$F$24 | H27: =IF(C27="",0,PARAMETROS!$F$25/60*(IF(PARAMETROS!$F$27="Real",SUMPRODUCT((BASE!$F$6:$F$205=C27)*BASE!$L$6:$L$205*BASE!$N$6:$N$205),SUMPRODUCT((BASE!$F$6:$F$205=C27)*BASE!$L$6:$L$205*BASE!$H$6:$H$205))*PARAMETROS!$F$26+SUMPRODUCT((BASE!$F$6:$F$205=C27)*BASE!$L$6:$L$205*BASE!$O$6:$O$205))) | I27: =IF(F27>0,H27/F27,0) | J27: =F27-H27 | K27: =MAX(0,J27) | L27: =MAX(0,-J27) | M27: =L27 | N27: =IF(C27="","",IF(H27=0,"SEM CARGA",IF(OR(F27=0,I27>=PARAMETROS!$C$7),"INSUFICIENTE",IF(I27>=PARAMETROS!$C$6,"ATENÇÃO","OK")))) | O27: =IF(PARAMETROS!$C$8="Nominal",IF(E27>0,H27/E27,0),I27) | P27: =IF(PARAMETROS!$F$11*PARAMETROS!$F$23*PARAMETROS!$F$24*PARAMETROS!$C$4>0,H27/(PARAMETROS!$F$11*PARAMETROS!$F$23*PARAMETROS!$F$24*PARAMETROS!$C$4),0) | Q27: =IF(C27="",0,PARAMETROS!$F$25/60*SUMPRODUCT((BASE!$F$6:$F$205=C27)*BASE!$L$6:$L$205*BASE!$O$6:$O$205)) | R27: =IF(F27+G27>0,H27/(F27+G27),0)
A28: 4 | B28: 5 | C28: =IF(PARAMETROS!B36="","",PARAMETROS!B36) | D28: =PARAMETROS!$F$18+PARAMETROS!$F$19+PARAMETROS!$F$20 | E28: =PARAMETROS!$C$4*(PARAMETROS!$F$18*PARAMETROS!$F$11+PARAMETROS!$F$19*PARAMETROS!$F$12+PARAMETROS!$F$20*PARAMETROS!$F$13) | F28: =E28*PARAMETROS!$F$23*PARAMETROS!$F$24 | G28: =PARAMETROS!$F$22*PARAMETROS!$F$21*D28*PARAMETROS!$F$23*PARAMETROS!$F$24 | H28: =IF(C28="",0,PARAMETROS!$F$25/60*(IF(PARAMETROS!$F$27="Real",SUMPRODUCT((BASE!$F$6:$F$205=C28)*BASE!$L$6:$L$205*BASE!$N$6:$N$205),SUMPRODUCT((BASE!$F$6:$F$205=C28)*BASE!$L$6:$L$205*BASE!$H$6:$H$205))*PARAMETROS!$F$26+SUMPRODUCT((BASE!$F$6:$F$205=C28)*BASE!$L$6:$L$205*BASE!$O$6:$O$205))) | I28: =IF(F28>0,H28/F28,0) | J28: =F28-H28 | K28: =MAX(0,J28) | L28: =MAX(0,-J28) | M28: =L28 | N28: =IF(C28="","",IF(H28=0,"SEM CARGA",IF(OR(F28=0,I28>=PARAMETROS!$C$7),"INSUFICIENTE",IF(I28>=PARAMETROS!$C$6,"ATENÇÃO","OK")))) | O28: =IF(PARAMETROS!$C$8="Nominal",IF(E28>0,H28/E28,0),I28) | P28: =IF(PARAMETROS!$F$11*PARAMETROS!$F$23*PARAMETROS!$F$24*PARAMETROS!$C$4>0,H28/(PARAMETROS!$F$11*PARAMETROS!$F$23*PARAMETROS!$F$24*PARAMETROS!$C$4),0) | Q28: =IF(C28="",0,PARAMETROS!$F$25/60*SUMPRODUCT((BASE!$F$6:$F$205=C28)*BASE!$L$6:$L$205*BASE!$O$6:$O$205)) | R28: =IF(F28+G28>0,H28/(F28+G28),0)
A29: 4 | B29: 6 | C29: =IF(PARAMETROS!B37="","",PARAMETROS!B37) | D29: =PARAMETROS!$F$18+PARAMETROS!$F$19+PARAMETROS!$F$20 | E29: =PARAMETROS!$C$4*(PARAMETROS!$F$18*PARAMETROS!$F$11+PARAMETROS!$F$19*PARAMETROS!$F$12+PARAMETROS!$F$20*PARAMETROS!$F$13) | F29: =E29*PARAMETROS!$F$23*PARAMETROS!$F$24 | G29: =PARAMETROS!$F$22*PARAMETROS!$F$21*D29*PARAMETROS!$F$23*PARAMETROS!$F$24 | H29: =IF(C29="",0,PARAMETROS!$F$25/60*(IF(PARAMETROS!$F$27="Real",SUMPRODUCT((BASE!$F$6:$F$205=C29)*BASE!$L$6:$L$205*BASE!$N$6:$N$205),SUMPRODUCT((BASE!$F$6:$F$205=C29)*BASE!$L$6:$L$205*BASE!$H$6:$H$205))*PARAMETROS!$F$26+SUMPRODUCT((BASE!$F$6:$F$205=C29)*BASE!$L$6:$L$205*BASE!$O$6:$O$205))) | I29: =IF(F29>0,H29/F29,0) | J29: =F29-H29 | K29: =MAX(0,J29) | L29: =MAX(0,-J29) | M29: =L29 | N29: =IF(C29="","",IF(H29=0,"SEM CARGA",IF(OR(F29=0,I29>=PARAMETROS!$C$7),"INSUFICIENTE",IF(I29>=PARAMETROS!$C$6,"ATENÇÃO","OK")))) | O29: =IF(PARAMETROS!$C$8="Nominal",IF(E29>0,H29/E29,0),I29) | P29: =IF(PARAMETROS!$F$11*PARAMETROS!$F$23*PARAMETROS!$F$24*PARAMETROS!$C$4>0,H29/(PARAMETROS!$F$11*PARAMETROS!$F$23*PARAMETROS!$F$24*PARAMETROS!$C$4),0) | Q29: =IF(C29="",0,PARAMETROS!$F$25/60*SUMPRODUCT((BASE!$F$6:$F$205=C29)*BASE!$L$6:$L$205*BASE!$O$6:$O$205)) | R29: =IF(F29+G29>0,H29/(F29+G29),0)
A33: CAPACIDADE EM 1, 2 E 3 TURNOS — cenário em análise (Dashboard)
C34: Máquina | D34: Carga (h) | E34: Util. 1 turno | F34: Util. 2 turnos | G34: Util. 3 turnos | H34: Menor nº de turnos que atende
C35: =IF(PARAMETROS!B32="","",PARAMETROS!B32) | D35: =INDEX($H$6:$H$29,(PARAMETROS!$C$9-1)*6+1) | E35: =IF((PARAMETROS!$F$11)*INDEX(PARAMETROS!$C$23:$F$23,PARAMETROS!$C$9)*INDEX(PARAMETROS!$C$24:$F$24,PARAMETROS!$C$9)*PARAMETROS!$C$4>0,D35/((PARAMETROS!$F$11)*INDEX(PARAMETROS!$C$23:$F$23,PARAMETROS!$C$9)*INDEX(PARAMETROS!$C$24:$F$24,PARAMETROS!$C$9)*PARAMETROS!$C$4),0) | F35: =IF((PARAMETROS!$F$11+PARAMETROS!$F$12)*INDEX(PARAMETROS!$C$23:$F$23,PARAMETROS!$C$9)*INDEX(PARAMETROS!$C$24:$F$24,PARAMETROS!$C$9)*PARAMETROS!$C$4>0,D35/((PARAMETROS!$F$11+PARAMETROS!$F$12)*INDEX(PARAMETROS!$C$23:$F$23,PARAMETROS!$C$9)*INDEX(PARAMETROS!$C$24:$F$24,PARAMETROS!$C$9)*PARAMETROS!$C$4),0) | G35: =IF((PARAMETROS!$F$11+PARAMETROS!$F$12+PARAMETROS!$F$13)*INDEX(PARAMETROS!$C$23:$F$23,PARAMETROS!$C$9)*INDEX(PARAMETROS!$C$24:$F$24,PARAMETROS!$C$9)*PARAMETROS!$C$4>0,D35/((PARAMETROS!$F$11+PARAMETROS!$F$12+PARAMETROS!$F$13)*INDEX(PARAMETROS!$C$23:$F$23,PARAMETROS!$C$9)*INDEX(PARAMETROS!$C$24:$F$24,PARAMETROS!$C$9)*PARAMETROS!$C$4),0) | H35: =IF(C35="","",IF(D35=0,"SEM CARGA",IF(E35<PARAMETROS!$C$7,1,IF(F35<PARAMETROS!$C$7,2,IF(G35<PARAMETROS!$C$7,3,"Não atende")))))
C36: =IF(PARAMETROS!B33="","",PARAMETROS!B33) | D36: =INDEX($H$6:$H$29,(PARAMETROS!$C$9-1)*6+2) | E36: =IF((PARAMETROS!$F$11)*INDEX(PARAMETROS!$C$23:$F$23,PARAMETROS!$C$9)*INDEX(PARAMETROS!$C$24:$F$24,PARAMETROS!$C$9)*PARAMETROS!$C$4>0,D36/((PARAMETROS!$F$11)*INDEX(PARAMETROS!$C$23:$F$23,PARAMETROS!$C$9)*INDEX(PARAMETROS!$C$24:$F$24,PARAMETROS!$C$9)*PARAMETROS!$C$4),0) | F36: =IF((PARAMETROS!$F$11+PARAMETROS!$F$12)*INDEX(PARAMETROS!$C$23:$F$23,PARAMETROS!$C$9)*INDEX(PARAMETROS!$C$24:$F$24,PARAMETROS!$C$9)*PARAMETROS!$C$4>0,D36/((PARAMETROS!$F$11+PARAMETROS!$F$12)*INDEX(PARAMETROS!$C$23:$F$23,PARAMETROS!$C$9)*INDEX(PARAMETROS!$C$24:$F$24,PARAMETROS!$C$9)*PARAMETROS!$C$4),0) | G36: =IF((PARAMETROS!$F$11+PARAMETROS!$F$12+PARAMETROS!$F$13)*INDEX(PARAMETROS!$C$23:$F$23,PARAMETROS!$C$9)*INDEX(PARAMETROS!$C$24:$F$24,PARAMETROS!$C$9)*PARAMETROS!$C$4>0,D36/((PARAMETROS!$F$11+PARAMETROS!$F$12+PARAMETROS!$F$13)*INDEX(PARAMETROS!$C$23:$F$23,PARAMETROS!$C$9)*INDEX(PARAMETROS!$C$24:$F$24,PARAMETROS!$C$9)*PARAMETROS!$C$4),0) | H36: =IF(C36="","",IF(D36=0,"SEM CARGA",IF(E36<PARAMETROS!$C$7,1,IF(F36<PARAMETROS!$C$7,2,IF(G36<PARAMETROS!$C$7,3,"Não atende")))))
C37: =IF(PARAMETROS!B34="","",PARAMETROS!B34) | D37: =INDEX($H$6:$H$29,(PARAMETROS!$C$9-1)*6+3) | E37: =IF((PARAMETROS!$F$11)*INDEX(PARAMETROS!$C$23:$F$23,PARAMETROS!$C$9)*INDEX(PARAMETROS!$C$24:$F$24,PARAMETROS!$C$9)*PARAMETROS!$C$4>0,D37/((PARAMETROS!$F$11)*INDEX(PARAMETROS!$C$23:$F$23,PARAMETROS!$C$9)*INDEX(PARAMETROS!$C$24:$F$24,PARAMETROS!$C$9)*PARAMETROS!$C$4),0) | F37: =IF((PARAMETROS!$F$11+PARAMETROS!$F$12)*INDEX(PARAMETROS!$C$23:$F$23,PARAMETROS!$C$9)*INDEX(PARAMETROS!$C$24:$F$24,PARAMETROS!$C$9)*PARAMETROS!$C$4>0,D37/((PARAMETROS!$F$11+PARAMETROS!$F$12)*INDEX(PARAMETROS!$C$23:$F$23,PARAMETROS!$C$9)*INDEX(PARAMETROS!$C$24:$F$24,PARAMETROS!$C$9)*PARAMETROS!$C$4),0) | G37: =IF((PARAMETROS!$F$11+PARAMETROS!$F$12+PARAMETROS!$F$13)*INDEX(PARAMETROS!$C$23:$F$23,PARAMETROS!$C$9)*INDEX(PARAMETROS!$C$24:$F$24,PARAMETROS!$C$9)*PARAMETROS!$C$4>0,D37/((PARAMETROS!$F$11+PARAMETROS!$F$12+PARAMETROS!$F$13)*INDEX(PARAMETROS!$C$23:$F$23,PARAMETROS!$C$9)*INDEX(PARAMETROS!$C$24:$F$24,PARAMETROS!$C$9)*PARAMETROS!$C$4),0) | H37: =IF(C37="","",IF(D37=0,"SEM CARGA",IF(E37<PARAMETROS!$C$7,1,IF(F37<PARAMETROS!$C$7,2,IF(G37<PARAMETROS!$C$7,3,"Não atende")))))
C38: =IF(PARAMETROS!B35="","",PARAMETROS!B35) | D38: =INDEX($H$6:$H$29,(PARAMETROS!$C$9-1)*6+4) | E38: =IF((PARAMETROS!$F$11)*INDEX(PARAMETROS!$C$23:$F$23,PARAMETROS!$C$9)*INDEX(PARAMETROS!$C$24:$F$24,PARAMETROS!$C$9)*PARAMETROS!$C$4>0,D38/((PARAMETROS!$F$11)*INDEX(PARAMETROS!$C$23:$F$23,PARAMETROS!$C$9)*INDEX(PARAMETROS!$C$24:$F$24,PARAMETROS!$C$9)*PARAMETROS!$C$4),0) | F38: =IF((PARAMETROS!$F$11+PARAMETROS!$F$12)*INDEX(PARAMETROS!$C$23:$F$23,PARAMETROS!$C$9)*INDEX(PARAMETROS!$C$24:$F$24,PARAMETROS!$C$9)*PARAMETROS!$C$4>0,D38/((PARAMETROS!$F$11+PARAMETROS!$F$12)*INDEX(PARAMETROS!$C$23:$F$23,PARAMETROS!$C$9)*INDEX(PARAMETROS!$C$24:$F$24,PARAMETROS!$C$9)*PARAMETROS!$C$4),0) | G38: =IF((PARAMETROS!$F$11+PARAMETROS!$F$12+PARAMETROS!$F$13)*INDEX(PARAMETROS!$C$23:$F$23,PARAMETROS!$C$9)*INDEX(PARAMETROS!$C$24:$F$24,PARAMETROS!$C$9)*PARAMETROS!$C$4>0,D38/((PARAMETROS!$F$11+PARAMETROS!$F$12+PARAMETROS!$F$13)*INDEX(PARAMETROS!$C$23:$F$23,PARAMETROS!$C$9)*INDEX(PARAMETROS!$C$24:$F$24,PARAMETROS!$C$9)*PARAMETROS!$C$4),0) | H38: =IF(C38="","",IF(D38=0,"SEM CARGA",IF(E38<PARAMETROS!$C$7,1,IF(F38<PARAMETROS!$C$7,2,IF(G38<PARAMETROS!$C$7,3,"Não atende")))))
C39: =IF(PARAMETROS!B36="","",PARAMETROS!B36) | D39: =INDEX($H$6:$H$29,(PARAMETROS!$C$9-1)*6+5) | E39: =IF((PARAMETROS!$F$11)*INDEX(PARAMETROS!$C$23:$F$23,PARAMETROS!$C$9)*INDEX(PARAMETROS!$C$24:$F$24,PARAMETROS!$C$9)*PARAMETROS!$C$4>0,D39/((PARAMETROS!$F$11)*INDEX(PARAMETROS!$C$23:$F$23,PARAMETROS!$C$9)*INDEX(PARAMETROS!$C$24:$F$24,PARAMETROS!$C$9)*PARAMETROS!$C$4),0) | F39: =IF((PARAMETROS!$F$11+PARAMETROS!$F$12)*INDEX(PARAMETROS!$C$23:$F$23,PARAMETROS!$C$9)*INDEX(PARAMETROS!$C$24:$F$24,PARAMETROS!$C$9)*PARAMETROS!$C$4>0,D39/((PARAMETROS!$F$11+PARAMETROS!$F$12)*INDEX(PARAMETROS!$C$23:$F$23,PARAMETROS!$C$9)*INDEX(PARAMETROS!$C$24:$F$24,PARAMETROS!$C$9)*PARAMETROS!$C$4),0) | G39: =IF((PARAMETROS!$F$11+PARAMETROS!$F$12+PARAMETROS!$F$13)*INDEX(PARAMETROS!$C$23:$F$23,PARAMETROS!$C$9)*INDEX(PARAMETROS!$C$24:$F$24,PARAMETROS!$C$9)*PARAMETROS!$C$4>0,D39/((PARAMETROS!$F$11+PARAMETROS!$F$12+PARAMETROS!$F$13)*INDEX(PARAMETROS!$C$23:$F$23,PARAMETROS!$C$9)*INDEX(PARAMETROS!$C$24:$F$24,PARAMETROS!$C$9)*PARAMETROS!$C$4),0) | H39: =IF(C39="","",IF(D39=0,"SEM CARGA",IF(E39<PARAMETROS!$C$7,1,IF(F39<PARAMETROS!$C$7,2,IF(G39<PARAMETROS!$C$7,3,"Não atende")))))
C40: =IF(PARAMETROS!B37="","",PARAMETROS!B37) | D40: =INDEX($H$6:$H$29,(PARAMETROS!$C$9-1)*6+6) | E40: =IF((PARAMETROS!$F$11)*INDEX(PARAMETROS!$C$23:$F$23,PARAMETROS!$C$9)*INDEX(PARAMETROS!$C$24:$F$24,PARAMETROS!$C$9)*PARAMETROS!$C$4>0,D40/((PARAMETROS!$F$11)*INDEX(PARAMETROS!$C$23:$F$23,PARAMETROS!$C$9)*INDEX(PARAMETROS!$C$24:$F$24,PARAMETROS!$C$9)*PARAMETROS!$C$4),0) | F40: =IF((PARAMETROS!$F$11+PARAMETROS!$F$12)*INDEX(PARAMETROS!$C$23:$F$23,PARAMETROS!$C$9)*INDEX(PARAMETROS!$C$24:$F$24,PARAMETROS!$C$9)*PARAMETROS!$C$4>0,D40/((PARAMETROS!$F$11+PARAMETROS!$F$12)*INDEX(PARAMETROS!$C$23:$F$23,PARAMETROS!$C$9)*INDEX(PARAMETROS!$C$24:$F$24,PARAMETROS!$C$9)*PARAMETROS!$C$4),0) | G40: =IF((PARAMETROS!$F$11+PARAMETROS!$F$12+PARAMETROS!$F$13)*INDEX(PARAMETROS!$C$23:$F$23,PARAMETROS!$C$9)*INDEX(PARAMETROS!$C$24:$F$24,PARAMETROS!$C$9)*PARAMETROS!$C$4>0,D40/((PARAMETROS!$F$11+PARAMETROS!$F$12+PARAMETROS!$F$13)*INDEX(PARAMETROS!$C$23:$F$23,PARAMETROS!$C$9)*INDEX(PARAMETROS!$C$24:$F$24,PARAMETROS!$C$9)*PARAMETROS!$C$4),0) | H40: =IF(C40="","",IF(D40=0,"SEM CARGA",IF(E40<PARAMETROS!$C$7,1,IF(F40<PARAMETROS!$C$7,2,IF(G40<PARAMETROS!$C$7,3,"Não atende")))))

Sheet MAO_OBRA
A1: MÃO DE OBRA E TURNOS
A2: Funcionários por célula e turno em cada cenário. Cenário 'Simulação' = Atual + variação definida no SIMULADOR.
C4: ATUAL | F4: AJUSTADO | I4: OTIMIZADO | L4: SIMULAÇÃO | O4: TOTAL ATIVO (turnos ativos)
A5: Célula | B5: Família | C5: A | D5: B | E5: C | F5: A | G5: B | H5: C | I5: A | J5: B | K5: C | L5: A | M5: B | N5: C | O5: Atual | P5: Ajustado | Q5: Otimizado | R5: Simulação
L6: =IF(A6=SIMULADOR!$C$5,MAX(0,C6+SIMULADOR!$C$6),C6) | M6: =IF(A6=SIMULADOR!$C$5,MAX(0,D6+SIMULADOR!$C$6),D6) | N6: =IF(A6=SIMULADOR!$C$5,MAX(0,E6+SIMULADOR!$C$6),E6) | O6: =C6*PARAMETROS!$C$18+D6*PARAMETROS!$C$19+E6*PARAMETROS!$C$20 | P6: =F6*PARAMETROS!$D$18+G6*PARAMETROS!$D$19+H6*PARAMETROS!$D$20 | Q6: =I6*PARAMETROS!$E$18+J6*PARAMETROS!$E$19+K6*PARAMETROS!$E$20 | R6: =L6*PARAMETROS!$F$18+M6*PARAMETROS!$F$19+N6*PARAMETROS!$F$20
L7: =IF(A7=SIMULADOR!$C$5,MAX(0,C7+SIMULADOR!$C$6),C7) | M7: =IF(A7=SIMULADOR!$C$5,MAX(0,D7+SIMULADOR!$C$6),D7) | N7: =IF(A7=SIMULADOR!$C$5,MAX(0,E7+SIMULADOR!$C$6),E7) | O7: =C7*PARAMETROS!$C$18+D7*PARAMETROS!$C$19+E7*PARAMETROS!$C$20 | P7: =F7*PARAMETROS!$D$18+G7*PARAMETROS!$D$19+H7*PARAMETROS!$D$20 | Q7: =I7*PARAMETROS!$E$18+J7*PARAMETROS!$E$19+K7*PARAMETROS!$E$20 | R7: =L7*PARAMETROS!$F$18+M7*PARAMETROS!$F$19+N7*PARAMETROS!$F$20
L8: =IF(A8=SIMULADOR!$C$5,MAX(0,C8+SIMULADOR!$C$6),C8) | M8: =IF(A8=SIMULADOR!$C$5,MAX(0,D8+SIMULADOR!$C$6),D8) | N8: =IF(A8=SIMULADOR!$C$5,MAX(0,E8+SIMULADOR!$C$6),E8) | O8: =C8*PARAMETROS!$C$18+D8*PARAMETROS!$C$19+E8*PARAMETROS!$C$20 | P8: =F8*PARAMETROS!$D$18+G8*PARAMETROS!$D$19+H8*PARAMETROS!$D$20 | Q8: =I8*PARAMETROS!$E$18+J8*PARAMETROS!$E$19+K8*PARAMETROS!$E$20 | R8: =L8*PARAMETROS!$F$18+M8*PARAMETROS!$F$19+N8*PARAMETROS!$F$20
L9: =IF(A9=SIMULADOR!$C$5,MAX(0,C9+SIMULADOR!$C$6),C9) | M9: =IF(A9=SIMULADOR!$C$5,MAX(0,D9+SIMULADOR!$C$6),D9) | N9: =IF(A9=SIMULADOR!$C$5,MAX(0,E9+SIMULADOR!$C$6),E9) | O9: =C9*PARAMETROS!$C$18+D9*PARAMETROS!$C$19+E9*PARAMETROS!$C$20 | P9: =F9*PARAMETROS!$D$18+G9*PARAMETROS!$D$19+H9*PARAMETROS!$D$20 | Q9: =I9*PARAMETROS!$E$18+J9*PARAMETROS!$E$19+K9*PARAMETROS!$E$20 | R9: =L9*PARAMETROS!$F$18+M9*PARAMETROS!$F$19+N9*PARAMETROS!$F$20
L10: =IF(A10=SIMULADOR!$C$5,MAX(0,C10+SIMULADOR!$C$6),C10) | M10: =IF(A10=SIMULADOR!$C$5,MAX(0,D10+SIMULADOR!$C$6),D10) | N10: =IF(A10=SIMULADOR!$C$5,MAX(0,E10+SIMULADOR!$C$6),E10) | O10: =C10*PARAMETROS!$C$18+D10*PARAMETROS!$C$19+E10*PARAMETROS!$C$20 | P10: =F10*PARAMETROS!$D$18+G10*PARAMETROS!$D$19+H10*PARAMETROS!$D$20 | Q10: =I10*PARAMETROS!$E$18+J10*PARAMETROS!$E$19+K10*PARAMETROS!$E$20 | R10: =L10*PARAMETROS!$F$18+M10*PARAMETROS!$F$19+N10*PARAMETROS!$F$20
L11: =IF(A11=SIMULADOR!$C$5,MAX(0,C11+SIMULADOR!$C$6),C11) | M11: =IF(A11=SIMULADOR!$C$5,MAX(0,D11+SIMULADOR!$C$6),D11) | N11: =IF(A11=SIMULADOR!$C$5,MAX(0,E11+SIMULADOR!$C$6),E11) | O11: =C11*PARAMETROS!$C$18+D11*PARAMETROS!$C$19+E11*PARAMETROS!$C$20 | P11: =F11*PARAMETROS!$D$18+G11*PARAMETROS!$D$19+H11*PARAMETROS!$D$20 | Q11: =I11*PARAMETROS!$E$18+J11*PARAMETROS!$E$19+K11*PARAMETROS!$E$20 | R11: =L11*PARAMETROS!$F$18+M11*PARAMETROS!$F$19+N11*PARAMETROS!$F$20
L12: =IF(A12=SIMULADOR!$C$5,MAX(0,C12+SIMULADOR!$C$6),C12) | M12: =IF(A12=SIMULADOR!$C$5,MAX(0,D12+SIMULADOR!$C$6),D12) | N12: =IF(A12=SIMULADOR!$C$5,MAX(0,E12+SIMULADOR!$C$6),E12) | O12: =C12*PARAMETROS!$C$18+D12*PARAMETROS!$C$19+E12*PARAMETROS!$C$20 | P12: =F12*PARAMETROS!$D$18+G12*PARAMETROS!$D$19+H12*PARAMETROS!$D$20 | Q12: =I12*PARAMETROS!$E$18+J12*PARAMETROS!$E$19+K12*PARAMETROS!$E$20 | R12: =L12*PARAMETROS!$F$18+M12*PARAMETROS!$F$19+N12*PARAMETROS!$F$20
L13: =IF(A13=SIMULADOR!$C$5,MAX(0,C13+SIMULADOR!$C$6),C13) | M13: =IF(A13=SIMULADOR!$C$5,MAX(0,D13+SIMULADOR!$C$6),D13) | N13: =IF(A13=SIMULADOR!$C$5,MAX(0,E13+SIMULADOR!$C$6),E13) | O13: =C13*PARAMETROS!$C$18+D13*PARAMETROS!$C$19+E13*PARAMETROS!$C$20 | P13: =F13*PARAMETROS!$D$18+G13*PARAMETROS!$D$19+H13*PARAMETROS!$D$20 | Q13: =I13*PARAMETROS!$E$18+J13*PARAMETROS!$E$19+K13*PARAMETROS!$E$20 | R13: =L13*PARAMETROS!$F$18+M13*PARAMETROS!$F$19+N13*PARAMETROS!$F$20
L14: =IF(A14=SIMULADOR!$C$5,MAX(0,C14+SIMULADOR!$C$6),C14) | M14: =IF(A14=SIMULADOR!$C$5,MAX(0,D14+SIMULADOR!$C$6),D14) | N14: =IF(A14=SIMULADOR!$C$5,MAX(0,E14+SIMULADOR!$C$6),E14) | O14: =C14*PARAMETROS!$C$18+D14*PARAMETROS!$C$19+E14*PARAMETROS!$C$20 | P14: =F14*PARAMETROS!$D$18+G14*PARAMETROS!$D$19+H14*PARAMETROS!$D$20 | Q14: =I14*PARAMETROS!$E$18+J14*PARAMETROS!$E$19+K14*PARAMETROS!$E$20 | R14: =L14*PARAMETROS!$F$18+M14*PARAMETROS!$F$19+N14*PARAMETROS!$F$20
L15: =IF(A15=SIMULADOR!$C$5,MAX(0,C15+SIMULADOR!$C$6),C15) | M15: =IF(A15=SIMULADOR!$C$5,MAX(0,D15+SIMULADOR!$C$6),D15) | N15: =IF(A15=SIMULADOR!$C$5,MAX(0,E15+SIMULADOR!$C$6),E15) | O15: =C15*PARAMETROS!$C$18+D15*PARAMETROS!$C$19+E15*PARAMETROS!$C$20 | P15: =F15*PARAMETROS!$D$18+G15*PARAMETROS!$D$19+H15*PARAMETROS!$D$20 | Q15: =I15*PARAMETROS!$E$18+J15*PARAMETROS!$E$19+K15*PARAMETROS!$E$20 | R15: =L15*PARAMETROS!$F$18+M15*PARAMETROS!$F$19+N15*PARAMETROS!$F$20
L16: =IF(A16=SIMULADOR!$C$5,MAX(0,C16+SIMULADOR!$C$6),C16) | M16: =IF(A16=SIMULADOR!$C$5,MAX(0,D16+SIMULADOR!$C$6),D16) | N16: =IF(A16=SIMULADOR!$C$5,MAX(0,E16+SIMULADOR!$C$6),E16) | O16: =C16*PARAMETROS!$C$18+D16*PARAMETROS!$C$19+E16*PARAMETROS!$C$20 | P16: =F16*PARAMETROS!$D$18+G16*PARAMETROS!$D$19+H16*PARAMETROS!$D$20 | Q16: =I16*PARAMETROS!$E$18+J16*PARAMETROS!$E$19+K16*PARAMETROS!$E$20 | R16: =L16*PARAMETROS!$F$18+M16*PARAMETROS!$F$19+N16*PARAMETROS!$F$20
L17: =IF(A17=SIMULADOR!$C$5,MAX(0,C17+SIMULADOR!$C$6),C17) | M17: =IF(A17=SIMULADOR!$C$5,MAX(0,D17+SIMULADOR!$C$6),D17) | N17: =IF(A17=SIMULADOR!$C$5,MAX(0,E17+SIMULADOR!$C$6),E17) | O17: =C17*PARAMETROS!$C$18+D17*PARAMETROS!$C$19+E17*PARAMETROS!$C$20 | P17: =F17*PARAMETROS!$D$18+G17*PARAMETROS!$D$19+H17*PARAMETROS!$D$20 | Q17: =I17*PARAMETROS!$E$18+J17*PARAMETROS!$E$19+K17*PARAMETROS!$E$20 | R17: =L17*PARAMETROS!$F$18+M17*PARAMETROS!$F$19+N17*PARAMETROS!$F$20
... L20: =IF(A20=SIMULADOR!$C$5,MAX(0,C20+SIMULADOR!$C$6),C20) | M20: =IF(A20=SIMULADOR!$C$5,MAX(0,D20+SIMULADOR!$C$6),D20) | N20: =IF(A20=SIMULADOR!$C$5,MAX(0,E20+SIMULADOR!$C$6),E20) | O20: =C20*PARAMETROS!$C$18+D20*PARAMETROS!$C$19+E20*PARAMETROS!$C$20 | P20: =F20*PARAMETROS!$D$18+G20*PARAMETROS!$D$19+H20*PARAMETROS!$D$20 | Q20: =I20*PARAMETROS!$E$18+J20*PARAMETROS!$E$19+K20*PARAMETROS!$E$20 | R20: =L20*PARAMETROS!$F$18+M20*PARAMETROS!$F$19+N20*PARAMETROS!$F$20
A21: TOTAL | C21: =SUM(C6:C20) | D21: =SUM(D6:D20) | E21: =SUM(E6:E20) | F21: =SUM(F6:F20) | G21: =SUM(G6:G20) | H21: =SUM(H6:H20) | I21: =SUM(I6:I20) | J21: =SUM(J6:J20) | ... R21: =SUM(R6:R20)

Sheet TEMPOS
A1: TEMPOS PADRÃO × TEMPO REAL
A2: Visão calculada da BASE. Para alterar tempos, edite a aba BASE (colunas H e I).
A5: Família | B5: Modelo | C5: Peça | D5: Processo | E5: Célula | F5: Máquina | G5: Tempo padrão (min/pç) | H5: Tempo real (min/pç) | I5: Desvio (min) | J5: Desvio % | K5: Eficiência (TP/TR) | L5: Pendência
A6: =IF(BASE!A6="","",BASE!A6) | B6: =IF(BASE!B6="","",BASE!B6) | C6: =IF(BASE!C6="","",BASE!C6) | D6: =IF(BASE!D6="","",BASE!D6) | E6: =IF(BASE!E6="","",BASE!E6) | F6: =IF(BASE!F6="","",BASE!F6) | G6: =IF(BASE!H6="","",BASE!H6) | H6: =IF(BASE!I6="","",BASE!I6) | I6: =IF(AND(ISNUMBER(G6),ISNUMBER(H6)),H6-G6,"") | J6: =IF(AND(ISNUMBER(I6),G6>0),I6/G6,"") | K6: =BASE!Q6 | L6: =IF(BASE!C6="","",IF(BASE!H6="","PENDENTE: tempo padrão",IF(BASE!I6="","tempo real ausente (usa padrão)","")))
A7: =IF(BASE!A7="","",BASE!A7) | B7: =IF(BASE!B7="","",BASE!B7) | C7: =IF(BASE!C7="","",BASE!C7) | D7: =IF(BASE!D7="","",BASE!D7) | E7: =IF(BASE!E7="","",BASE!E7) | F7: =IF(BASE!F7="","",BASE!F7) | G7: =IF(BASE!H7="","",BASE!H7) | H7: =IF(BASE!I7="","",BASE!I7) | I7: =IF(AND(ISNUMBER(G7),ISNUMBER(H7)),H7-G7,"") | J7: =IF(AND(ISNUMBER(I7),G7>0),I7/G7,"") | K7: =BASE!Q7 | L7: =IF(BASE!C7="","",IF(BASE!H7="","PENDENTE: tempo padrão",IF(BASE!I7="","tempo real ausente (usa padrão)","")))
A8: =IF(BASE!A8="","",BASE!A8) | B8: =IF(BASE!B8="","",BASE!B8) | C8: =IF(BASE!C8="","",BASE!C8) | D8: =IF(BASE!D8="","",BASE!D8) | E8: =IF(BASE!E8="","",BASE!E8) | F8: =IF(BASE!F8="","",BASE!F8) | G8: =IF(BASE!H8="","",BASE!H8) | H8: =IF(BASE!I8="","",BASE!I8) | I8: =IF(AND(ISNUMBER(G8),ISNUMBER(H8)),H8-G8,"") | J8: =IF(AND(ISNUMBER(I8),G8>0),I8/G8,"") | K8: =BASE!Q8 | L8: =IF(BASE!C8="","",IF(BASE!H8="","PENDENTE: tempo padrão",IF(BASE!I8="","tempo real ausente (usa padrão)","")))
A9: =IF(BASE!A9="","",BASE!A9) | B9: =IF(BASE!B9="","",BASE!B9) | C9: =IF(BASE!C9="","",BASE!C9) | D9: =IF(BASE!D9="","",BASE!D9) | E9: =IF(BASE!E9="","",BASE!E9) | F9: =IF(BASE!F9="","",BASE!F9) | G9: =IF(BASE!H9="","",BASE!H9) | H9: =IF(BASE!I9="","",BASE!I9) | I9: =IF(AND(ISNUMBER(G9),ISNUMBER(H9)),H9-G9,"") | J9: =IF(AND(ISNUMBER(I9),G9>0),I9/G9,"") | K9: =BASE!Q9 | L9: =IF(BASE!C9="","",IF(BASE!H9="","PENDENTE: tempo padrão",IF(BASE!I9="","tempo real ausente (usa padrão)","")))
A10: =IF(BASE!A10="","",BASE!A10) | B10: =IF(BASE!B10="","",BASE!B10) | C10: =IF(BASE!C10="","",BASE!C10) | D10: =IF(BASE!D10="","",BASE!D10) | E10: =IF(BASE!E10="","",BASE!E10) | F10: =IF(BASE!F10="","",BASE!F10) | G10: =IF(BASE!H10="","",BASE!H10) | H10: =IF(BASE!I10="","",BASE!I10) | I10: =IF(AND(ISNUMBER(G10),ISNUMBER(H10)),H10-G10,"") | J10: =IF(AND(ISNUMBER(I10),G10>0),I10/G10,"") | K10: =BASE!Q10 | L10: =IF(BASE!C10="","",IF(BASE!H10="","PENDENTE: tempo padrão",IF(BASE!I10="","tempo real ausente (usa padrão)","")))
A11: =IF(BASE!A11="","",BASE!A11) | B11: =IF(BASE!B11="","",BASE!B11) | C11: =IF(BASE!C11="","",BASE!C11) | D11: =IF(BASE!D11="","",BASE!D11) | E11: =IF(BASE!E11="","",BASE!E11) | F11: =IF(BASE!F11="","",BASE!F11) | G11: =IF(BASE!H11="","",BASE!H11) | H11: =IF(BASE!I11="","",BASE!I11) | I11: =IF(AND(ISNUMBER(G11),ISNUMBER(H11)),H11-G11,"") | J11: =IF(AND(ISNUMBER(I11),G11>0),I11/G11,"") | K11: =BASE!Q11 | L11: =IF(BASE!C11="","",IF(BASE!H11="","PENDENTE: tempo padrão",IF(BASE!I11="","tempo real ausente (usa padrão)","")))
A12: =IF(BASE!A12="","",BASE!A12) | B12: =IF(BASE!B12="","",BASE!B12) | C12: =IF(BASE!C12="","",BASE!C12) | D12: =IF(BASE!D12="","",BASE!D12) | E12: =IF(BASE!E12="","",BASE!E12) | F12: =IF(BASE!F12="","",BASE!F12) | G12: =IF(BASE!H12="","",BASE!H12) | H12: =IF(BASE!I12="","",BASE!I12) | I12: =IF(AND(ISNUMBER(G12),ISNUMBER(H12)),H12-G12,"") | J12: =IF(AND(ISNUMBER(I12),G12>0),I12/G12,"") | K12: =BASE!Q12 | L12: =IF(BASE!C12="","",IF(BASE!H12="","PENDENTE: tempo padrão",IF(BASE!I12="","tempo real ausente (usa padrão)","")))
A13: =IF(BASE!A13="","",BASE!A13) | B13: =IF(BASE!B13="","",BASE!B13) | C13: =IF(BASE!C13="","",BASE!C13) | D13: =IF(BASE!D13="","",BASE!D13) | E13: =IF(BASE!E13="","",BASE!E13) | F13: =IF(BASE!F13="","",BASE!F13) | G13: =IF(BASE!H13="","",BASE!H13) | H13: =IF(BASE!I13="","",BASE!I13) | I13: =IF(AND(ISNUMBER(G13),ISNUMBER(H13)),H13-G13,"") | J13: =IF(AND(ISNUMBER(I13),G13>0),I13/G13,"") | K13: =BASE!Q13 | L13: =IF(BASE!C13="","",IF(BASE!H13="","PENDENTE: tempo padrão",IF(BASE!I13="","tempo real ausente (usa padrão)","")))
A14: =IF(BASE!A14="","",BASE!A14) | B14: =IF(BASE!B14="","",BASE!B14) | C14: =IF(BASE!C14="","",BASE!C14) | D14: =IF(BASE!D14="","",BASE!D14) | E14: =IF(BASE!E14="","",BASE!E14) | F14: =IF(BASE!F14="","",BASE!F14) | G14: =IF(BASE!H14="","",BASE!H14) | H14: =IF(BASE!I14="","",BASE!I14) | I14: =IF(AND(ISNUMBER(G14),ISNUMBER(H14)),H14-G14,"") | J14: =IF(AND(ISNUMBER(I14),G14>0),I14/G14,"") | K14: =BASE!Q14 | L14: =IF(BASE!C14="","",IF(BASE!H14="","PENDENTE: tempo padrão",IF(BASE!I14="","tempo real ausente (usa padrão)","")))
A15: =IF(BASE!A15="","",BASE!A15) | B15: =IF(BASE!B15="","",BASE!B15) | C15: =IF(BASE!C15="","",BASE!C15) | D15: =IF(BASE!D15="","",BASE!D15) | E15: =IF(BASE!E15="","",BASE!E15) | F15: =IF(BASE!F15="","",BASE!F15) | G15: =IF(BASE!H15="","",BASE!H15) | H15: =IF(BASE!I15="","",BASE!I15) | I15: =IF(AND(ISNUMBER(G15),ISNUMBER(H15)),H15-G15,"") | J15: =IF(AND(ISNUMBER(I15),G15>0),I15/G15,"") | K15: =BASE!Q15 | L15: =IF(BASE!C15="","",IF(BASE!H15="","PENDENTE: tempo padrão",IF(BASE!I15="","tempo real ausente (usa padrão)","")))
A16: =IF(BASE!A16="","",BASE!A16) | B16: =IF(BASE!B16="","",BASE!B16) | C16: =IF(BASE!C16="","",BASE!C16) | D16: =IF(BASE!D16="","",BASE!D16) | E16: =IF(BASE!E16="","",BASE!E16) | F16: =IF(BASE!F16="","",BASE!F16) | G16: =IF(BASE!H16="","",BASE!H16) | H16: =IF(BASE!I16="","",BASE!I16) | I16: =IF(AND(ISNUMBER(G16),ISNUMBER(H16)),H16-G16,"") | J16: =IF(AND(ISNUMBER(I16),G16>0),I16/G16,"") | K16: =BASE!Q16 | L16: =IF(BASE!C16="","",IF(BASE!H16="","PENDENTE: tempo padrão",IF(BASE!I16="","tempo real ausente (usa padrão)","")))
A17: =IF(BASE!A17="","",BASE!A17) | B17: =IF(BASE!B17="","",BASE!B17) | C17: =IF(BASE!C17="","",BASE!C17) | D17: =IF(BASE!D17="","",BASE!D17) | E17: =IF(BASE!E17="","",BASE!E17) | F17: =IF(BASE!F17="","",BASE!F17) | G17: =IF(BASE!H17="","",BASE!H17) | H17: =IF(BASE!I17="","",BASE!I17) | I17: =IF(AND(ISNUMBER(G17),ISNUMBER(H17)),H17-G17,"") | J17: =IF(AND(ISNUMBER(I17),G17>0),I17/G17,"") | K17: =BASE!Q17 | L17: =IF(BASE!C17="","",IF(BASE!H17="","PENDENTE: tempo padrão",IF(BASE!I17="","tempo real ausente (usa padrão)","")))
... A205: =IF(BASE!A205="","",BASE!A205) | B205: =IF(BASE!B205="","",BASE!B205) | C205: =IF(BASE!C205="","",BASE!C205) | D205: =IF(BASE!D205="","",BASE!D205) | E205: =IF(BASE!E205="","",BASE!E205) | F205: =IF(BASE!F205="","",BASE!F205) | G205: =IF(BASE!H205="","",BASE!H205) | H205: =IF(BASE!I205="","",BASE!I205) | I205: =IF(AND(ISNUMBER(G205),ISNUMBER(H205)),H205-G205,"") | J205: =IF(AND(ISNUMBER(I205),G205>0),I205/G205,"") | K205: =BASE!Q205 | L205: =IF(BASE!C205="","",IF(BASE!H205="","PENDENTE: tempo padrão",IF(BASE!I205="","tempo real ausente (usa padrão)","")))

Sheet DEMANDA_CARGA
A1: DEMANDA E CARGA — cenário em análise
A2: Carga por linha da BASE no cenário escolhido no Dashboard. Gargalo do fluxo = recurso de maior utilização entre as linhas da mesma peça/modelo.
A5: Família | B5: Modelo | C5: Peça | D5: Processo | E5: Célula | F5: Máquina | G5: Demanda ajustada (pç) | H5: Carga h-homem | I5: Carga h-máquina | J5: Utilização do recurso | K5: Gargalo do fluxo | L5: Ordem (h total) | N5: Família | O5: Demanda (pç) | P5: Carga h-homem | Q5: Carga h-máquina
A6: =IF(BASE!A6="","",BASE!A6) | B6: =IF(BASE!B6="","",BASE!B6) | C6: =IF(BASE!C6="","",BASE!C6) | D6: =IF(BASE!D6="","",BASE!D6) | E6: =IF(BASE!E6="","",BASE!E6) | F6: =IF(BASE!F6="","",BASE!F6) | G6: =N(BASE!L6)*INDEX(PARAMETROS!$C$25:$F$25,PARAMETROS!$C$9) | H6: =IF(E6="",0,INDEX(PARAMETROS!$C$25:$F$25,PARAMETROS!$C$9)/60*N(BASE!L6)*BASE!P6*(IF(INDEX(PARAMETROS!$C$27:$F$27,PARAMETROS!$C$9)="Real",BASE!N6,N(BASE!H6))*INDEX(PARAMETROS!$C$26:$F$26,PARAMETROS!$C$9)+BASE!O6)) | I6: =IF(F6="",0,INDEX(PARAMETROS!$C$25:$F$25,PARAMETROS!$C$9)/60*N(BASE!L6)*(IF(INDEX(PARAMETROS!$C$27:$F$27,PARAMETROS!$C$9)="Real",BASE!N6,N(BASE!H6))*INDEX(PARAMETROS!$C$26:$F$26,PARAMETROS!$C$9)+BASE!O6)) | J6: =MAX(IFERROR(INDEX(CAP_CELULA!$J$6:$J$65,(PARAMETROS!$C$9-1)*15+MATCH(E6,MAO_OBRA!$A$6:$A$20,0)),0),IFERROR(INDEX(USINAGEM!$I$6:$I$29,(PARAMETROS!$C$9-1)*6+MATCH(F6,PARAMETROS!$B$32:$B$37,0)),0)) | K6: =IF(AND(C6<>"",J6>0,J6=SUMPRODUCT(MAX(($B$6:$B$205=B6)*($C$6:$C$205=C6)*$J$6:$J$205))),"◄ GARGALO","") | L6: =H6+I6+ROW()/10000000 | N6: =PARAMETROS!B40 | O6: =SUMIF($A$6:$A$205,N6,$G$6:$G$205) | P6: =SUMIF($A$6:$A$205,N6,$H$6:$H$205) | Q6: =SUMIF($A$6:$A$205,N6,$I$6:$I$205)
A7: =IF(BASE!A7="","",BASE!A7) | B7: =IF(BASE!B7="","",BASE!B7) | C7: =IF(BASE!C7="","",BASE!C7) | D7: =IF(BASE!D7="","",BASE!D7) | E7: =IF(BASE!E7="","",BASE!E7) | F7: =IF(BASE!F7="","",BASE!F7) | G7: =N(BASE!L7)*INDEX(PARAMETROS!$C$25:$F$25,PARAMETROS!$C$9) | H7: =IF(E7="",0,INDEX(PARAMETROS!$C$25:$F$25,PARAMETROS!$C$9)/60*N(BASE!L7)*BASE!P7*(IF(INDEX(PARAMETROS!$C$27:$F$27,PARAMETROS!$C$9)="Real",BASE!N7,N(BASE!H7))*INDEX(PARAMETROS!$C$26:$F$26,PARAMETROS!$C$9)+BASE!O7)) | I7: =IF(F7="",0,INDEX(PARAMETROS!$C$25:$F$25,PARAMETROS!$C$9)/60*N(BASE!L7)*(IF(INDEX(PARAMETROS!$C$27:$F$27,PARAMETROS!$C$9)="Real",BASE!N7,N(BASE!H7))*INDEX(PARAMETROS!$C$26:$F$26,PARAMETROS!$C$9)+BASE!O7)) | J7: =MAX(IFERROR(INDEX(CAP_CELULA!$J$6:$J$65,(PARAMETROS!$C$9-1)*15+MATCH(E7,MAO_OBRA!$A$6:$A$20,0)),0),IFERROR(INDEX(USINAGEM!$I$6:$I$29,(PARAMETROS!$C$9-1)*6+MATCH(F7,PARAMETROS!$B$32:$B$37,0)),0)) | K7: =IF(AND(C7<>"",J7>0,J7=SUMPRODUCT(MAX(($B$6:$B$205=B7)*($C$6:$C$205=C7)*$J$6:$J$205))),"◄ GARGALO","") | L7: =H7+I7+ROW()/10000000 | N7: =PARAMETROS!B41 | O7: =SUMIF($A$6:$A$205,N7,$G$6:$G$205) | P7: =SUMIF($A$6:$A$205,N7,$H$6:$H$205) | Q7: =SUMIF($A$6:$A$205,N7,$I$6:$I$205)
A8: =IF(BASE!A8="","",BASE!A8) | B8: =IF(BASE!B8="","",BASE!B8) | C8: =IF(BASE!C8="","",BASE!C8) | D8: =IF(BASE!D8="","",BASE!D8) | E8: =IF(BASE!E8="","",BASE!E8) | F8: =IF(BASE!F8="","",BASE!F8) | G8: =N(BASE!L8)*INDEX(PARAMETROS!$C$25:$F$25,PARAMETROS!$C$9) | H8: =IF(E8="",0,INDEX(PARAMETROS!$C$25:$F$25,PARAMETROS!$C$9)/60*N(BASE!L8)*BASE!P8*(IF(INDEX(PARAMETROS!$C$27:$F$27,PARAMETROS!$C$9)="Real",BASE!N8,N(BASE!H8))*INDEX(PARAMETROS!$C$26:$F$26,PARAMETROS!$C$9)+BASE!O8)) | I8: =IF(F8="",0,INDEX(PARAMETROS!$C$25:$F$25,PARAMETROS!$C$9)/60*N(BASE!L8)*(IF(INDEX(PARAMETROS!$C$27:$F$27,PARAMETROS!$C$9)="Real",BASE!N8,N(BASE!H8))*INDEX(PARAMETROS!$C$26:$F$26,PARAMETROS!$C$9)+BASE!O8)) | J8: =MAX(IFERROR(INDEX(CAP_CELULA!$J$6:$J$65,(PARAMETROS!$C$9-1)*15+MATCH(E8,MAO_OBRA!$A$6:$A$20,0)),0),IFERROR(INDEX(USINAGEM!$I$6:$I$29,(PARAMETROS!$C$9-1)*6+MATCH(F8,PARAMETROS!$B$32:$B$37,0)),0)) | K8: =IF(AND(C8<>"",J8>0,J8=SUMPRODUCT(MAX(($B$6:$B$205=B8)*($C$6:$C$205=C8)*$J$6:$J$205))),"◄ GARGALO","") | L8: =H8+I8+ROW()/10000000 | N8: =PARAMETROS!B42 | O8: =SUMIF($A$6:$A$205,N8,$G$6:$G$205) | P8: =SUMIF($A$6:$A$205,N8,$H$6:$H$205) | Q8: =SUMIF($A$6:$A$205,N8,$I$6:$I$205)
A9: =IF(BASE!A9="","",BASE!A9) | B9: =IF(BASE!B9="","",BASE!B9) | C9: =IF(BASE!C9="","",BASE!C9) | D9: =IF(BASE!D9="","",BASE!D9) | E9: =IF(BASE!E9="","",BASE!E9) | F9: =IF(BASE!F9="","",BASE!F9) | G9: =N(BASE!L9)*INDEX(PARAMETROS!$C$25:$F$25,PARAMETROS!$C$9) | H9: =IF(E9="",0,INDEX(PARAMETROS!$C$25:$F$25,PARAMETROS!$C$9)/60*N(BASE!L9)*BASE!P9*(IF(INDEX(PARAMETROS!$C$27:$F$27,PARAMETROS!$C$9)="Real",BASE!N9,N(BASE!H9))*INDEX(PARAMETROS!$C$26:$F$26,PARAMETROS!$C$9)+BASE!O9)) | I9: =IF(F9="",0,INDEX(PARAMETROS!$C$25:$F$25,PARAMETROS!$C$9)/60*N(BASE!L9)*(IF(INDEX(PARAMETROS!$C$27:$F$27,PARAMETROS!$C$9)="Real",BASE!N9,N(BASE!H9))*INDEX(PARAMETROS!$C$26:$F$26,PARAMETROS!$C$9)+BASE!O9)) | J9: =MAX(IFERROR(INDEX(CAP_CELULA!$J$6:$J$65,(PARAMETROS!$C$9-1)*15+MATCH(E9,MAO_OBRA!$A$6:$A$20,0)),0),IFERROR(INDEX(USINAGEM!$I$6:$I$29,(PARAMETROS!$C$9-1)*6+MATCH(F9,PARAMETROS!$B$32:$B$37,0)),0)) | K9: =IF(AND(C9<>"",J9>0,J9=SUMPRODUCT(MAX(($B$6:$B$205=B9)*($C$6:$C$205=C9)*$J$6:$J$205))),"◄ GARGALO","") | L9: =H9+I9+ROW()/10000000 | N9: =PARAMETROS!B43 | O9: =SUMIF($A$6:$A$205,N9,$G$6:$G$205) | P9: =SUMIF($A$6:$A$205,N9,$H$6:$H$205) | Q9: =SUMIF($A$6:$A$205,N9,$I$6:$I$205)
A10: =IF(BASE!A10="","",BASE!A10) | B10: =IF(BASE!B10="","",BASE!B10) | C10: =IF(BASE!C10="","",BASE!C10) | D10: =IF(BASE!D10="","",BASE!D10) | E10: =IF(BASE!E10="","",BASE!E10) | F10: =IF(BASE!F10="","",BASE!F10) | G10: =N(BASE!L10)*INDEX(PARAMETROS!$C$25:$F$25,PARAMETROS!$C$9) | H10: =IF(E10="",0,INDEX(PARAMETROS!$C$25:$F$25,PARAMETROS!$C$9)/60*N(BASE!L10)*BASE!P10*(IF(INDEX(PARAMETROS!$C$27:$F$27,PARAMETROS!$C$9)="Real",BASE!N10,N(BASE!H10))*INDEX(PARAMETROS!$C$26:$F$26,PARAMETROS!$C$9)+BASE!O10)) | I10: =IF(F10="",0,INDEX(PARAMETROS!$C$25:$F$25,PARAMETROS!$C$9)/60*N(BASE!L10)*(IF(INDEX(PARAMETROS!$C$27:$F$27,PARAMETROS!$C$9)="Real",BASE!N10,N(BASE!H10))*INDEX(PARAMETROS!$C$26:$F$26,PARAMETROS!$C$9)+BASE!O10)) | J10: =MAX(IFERROR(INDEX(CAP_CELULA!$J$6:$J$65,(PARAMETROS!$C$9-1)*15+MATCH(E10,MAO_OBRA!$A$6:$A$20,0)),0),IFERROR(INDEX(USINAGEM!$I$6:$I$29,(PARAMETROS!$C$9-1)*6+MATCH(F10,PARAMETROS!$B$32:$B$37,0)),0)) | K10: =IF(AND(C10<>"",J10>0,J10=SUMPRODUCT(MAX(($B$6:$B$205=B10)*($C$6:$C$205=C10)*$J$6:$J$205))),"◄ GARGALO","") | L10: =H10+I10+ROW()/10000000
A11: =IF(BASE!A11="","",BASE!A11) | B11: =IF(BASE!B11="","",BASE!B11) | C11: =IF(BASE!C11="","",BASE!C11) | D11: =IF(BASE!D11="","",BASE!D11) | E11: =IF(BASE!E11="","",BASE!E11) | F11: =IF(BASE!F11="","",BASE!F11) | G11: =N(BASE!L11)*INDEX(PARAMETROS!$C$25:$F$25,PARAMETROS!$C$9) | H11: =IF(E11="",0,INDEX(PARAMETROS!$C$25:$F$25,PARAMETROS!$C$9)/60*N(BASE!L11)*BASE!P11*(IF(INDEX(PARAMETROS!$C$27:$F$27,PARAMETROS!$C$9)="Real",BASE!N11,N(BASE!H11))*INDEX(PARAMETROS!$C$26:$F$26,PARAMETROS!$C$9)+BASE!O11)) | I11: =IF(F11="",0,INDEX(PARAMETROS!$C$25:$F$25,PARAMETROS!$C$9)/60*N(BASE!L11)*(IF(INDEX(PARAMETROS!$C$27:$F$27,PARAMETROS!$C$9)="Real",BASE!N11,N(BASE!H11))*INDEX(PARAMETROS!$C$26:$F$26,PARAMETROS!$C$9)+BASE!O11)) | J11: =MAX(IFERROR(INDEX(CAP_CELULA!$J$6:$J$65,(PARAMETROS!$C$9-1)*15+MATCH(E11,MAO_OBRA!$A$6:$A$20,0)),0),IFERROR(INDEX(USINAGEM!$I$6:$I$29,(PARAMETROS!$C$9-1)*6+MATCH(F11,PARAMETROS!$B$32:$B$37,0)),0)) | K11: =IF(AND(C11<>"",J11>0,J11=SUMPRODUCT(MAX(($B$6:$B$205=B11)*($C$6:$C$205=C11)*$J$6:$J$205))),"◄ GARGALO","") | L11: =H11+I11+ROW()/10000000
A12: =IF(BASE!A12="","",BASE!A12) | B12: =IF(BASE!B12="","",BASE!B12) | C12: =IF(BASE!C12="","",BASE!C12) | D12: =IF(BASE!D12="","",BASE!D12) | E12: =IF(BASE!E12="","",BASE!E12) | F12: =IF(BASE!F12="","",BASE!F12) | G12: =N(BASE!L12)*INDEX(PARAMETROS!$C$25:$F$25,PARAMETROS!$C$9) | H12: =IF(E12="",0,INDEX(PARAMETROS!$C$25:$F$25,PARAMETROS!$C$9)/60*N(BASE!L12)*BASE!P12*(IF(INDEX(PARAMETROS!$C$27:$F$27,PARAMETROS!$C$9)="Real",BASE!N12,N(BASE!H12))*INDEX(PARAMETROS!$C$26:$F$26,PARAMETROS!$C$9)+BASE!O12)) | I12: =IF(F12="",0,INDEX(PARAMETROS!$C$25:$F$25,PARAMETROS!$C$9)/60*N(BASE!L12)*(IF(INDEX(PARAMETROS!$C$27:$F$27,PARAMETROS!$C$9)="Real",BASE!N12,N(BASE!H12))*INDEX(PARAMETROS!$C$26:$F$26,PARAMETROS!$C$9)+BASE!O12)) | J12: =MAX(IFERROR(INDEX(CAP_CELULA!$J$6:$J$65,(PARAMETROS!$C$9-1)*15+MATCH(E12,MAO_OBRA!$A$6:$A$20,0)),0),IFERROR(INDEX(USINAGEM!$I$6:$I$29,(PARAMETROS!$C$9-1)*6+MATCH(F12,PARAMETROS!$B$32:$B$37,0)),0)) | K12: =IF(AND(C12<>"",J12>0,J12=SUMPRODUCT(MAX(($B$6:$B$205=B12)*($C$6:$C$205=C12)*$J$6:$J$205))),"◄ GARGALO","") | L12: =H12+I12+ROW()/10000000
A13: =IF(BASE!A13="","",BASE!A13) | B13: =IF(BASE!B13="","",BASE!B13) | C13: =IF(BASE!C13="","",BASE!C13) | D13: =IF(BASE!D13="","",BASE!D13) | E13: =IF(BASE!E13="","",BASE!E13) | F13: =IF(BASE!F13="","",BASE!F13) | G13: =N(BASE!L13)*INDEX(PARAMETROS!$C$25:$F$25,PARAMETROS!$C$9) | H13: =IF(E13="",0,INDEX(PARAMETROS!$C$25:$F$25,PARAMETROS!$C$9)/60*N(BASE!L13)*BASE!P13*(IF(INDEX(PARAMETROS!$C$27:$F$27,PARAMETROS!$C$9)="Real",BASE!N13,N(BASE!H13))*INDEX(PARAMETROS!$C$26:$F$26,PARAMETROS!$C$9)+BASE!O13)) | I13: =IF(F13="",0,INDEX(PARAMETROS!$C$25:$F$25,PARAMETROS!$C$9)/60*N(BASE!L13)*(IF(INDEX(PARAMETROS!$C$27:$F$27,PARAMETROS!$C$9)="Real",BASE!N13,N(BASE!H13))*INDEX(PARAMETROS!$C$26:$F$26,PARAMETROS!$C$9)+BASE!O13)) | J13: =MAX(IFERROR(INDEX(CAP_CELULA!$J$6:$J$65,(PARAMETROS!$C$9-1)*15+MATCH(E13,MAO_OBRA!$A$6:$A$20,0)),0),IFERROR(INDEX(USINAGEM!$I$6:$I$29,(PARAMETROS!$C$9-1)*6+MATCH(F13,PARAMETROS!$B$32:$B$37,0)),0)) | K13: =IF(AND(C13<>"",J13>0,J13=SUMPRODUCT(MAX(($B$6:$B$205=B13)*($C$6:$C$205=C13)*$J$6:$J$205))),"◄ GARGALO","") | L13: =H13+I13+ROW()/10000000
A14: =IF(BASE!A14="","",BASE!A14) | B14: =IF(BASE!B14="","",BASE!B14) | C14: =IF(BASE!C14="","",BASE!C14) | D14: =IF(BASE!D14="","",BASE!D14) | E14: =IF(BASE!E14="","",BASE!E14) | F14: =IF(BASE!F14="","",BASE!F14) | G14: =N(BASE!L14)*INDEX(PARAMETROS!$C$25:$F$25,PARAMETROS!$C$9) | H14: =IF(E14="",0,INDEX(PARAMETROS!$C$25:$F$25,PARAMETROS!$C$9)/60*N(BASE!L14)*BASE!P14*(IF(INDEX(PARAMETROS!$C$27:$F$27,PARAMETROS!$C$9)="Real",BASE!N14,N(BASE!H14))*INDEX(PARAMETROS!$C$26:$F$26,PARAMETROS!$C$9)+BASE!O14)) | I14: =IF(F14="",0,INDEX(PARAMETROS!$C$25:$F$25,PARAMETROS!$C$9)/60*N(BASE!L14)*(IF(INDEX(PARAMETROS!$C$27:$F$27,PARAMETROS!$C$9)="Real",BASE!N14,N(BASE!H14))*INDEX(PARAMETROS!$C$26:$F$26,PARAMETROS!$C$9)+BASE!O14)) | J14: =MAX(IFERROR(INDEX(CAP_CELULA!$J$6:$J$65,(PARAMETROS!$C$9-1)*15+MATCH(E14,MAO_OBRA!$A$6:$A$20,0)),0),IFERROR(INDEX(USINAGEM!$I$6:$I$29,(PARAMETROS!$C$9-1)*6+MATCH(F14,PARAMETROS!$B$32:$B$37,0)),0)) | K14: =IF(AND(C14<>"",J14>0,J14=SUMPRODUCT(MAX(($B$6:$B$205=B14)*($C$6:$C$205=C14)*$J$6:$J$205))),"◄ GARGALO","") | L14: =H14+I14+ROW()/10000000
A15: =IF(BASE!A15="","",BASE!A15) | B15: =IF(BASE!B15="","",BASE!B15) | C15: =IF(BASE!C15="","",BASE!C15) | D15: =IF(BASE!D15="","",BASE!D15) | E15: =IF(BASE!E15="","",BASE!E15) | F15: =IF(BASE!F15="","",BASE!F15) | G15: =N(BASE!L15)*INDEX(PARAMETROS!$C$25:$F$25,PARAMETROS!$C$9) | H15: =IF(E15="",0,INDEX(PARAMETROS!$C$25:$F$25,PARAMETROS!$C$9)/60*N(BASE!L15)*BASE!P15*(IF(INDEX(PARAMETROS!$C$27:$F$27,PARAMETROS!$C$9)="Real",BASE!N15,N(BASE!H15))*INDEX(PARAMETROS!$C$26:$F$26,PARAMETROS!$C$9)+BASE!O15)) | I15: =IF(F15="",0,INDEX(PARAMETROS!$C$25:$F$25,PARAMETROS!$C$9)/60*N(BASE!L15)*(IF(INDEX(PARAMETROS!$C$27:$F$27,PARAMETROS!$C$9)="Real",BASE!N15,N(BASE!H15))*INDEX(PARAMETROS!$C$26:$F$26,PARAMETROS!$C$9)+BASE!O15)) | J15: =MAX(IFERROR(INDEX(CAP_CELULA!$J$6:$J$65,(PARAMETROS!$C$9-1)*15+MATCH(E15,MAO_OBRA!$A$6:$A$20,0)),0),IFERROR(INDEX(USINAGEM!$I$6:$I$29,(PARAMETROS!$C$9-1)*6+MATCH(F15,PARAMETROS!$B$32:$B$37,0)),0)) | K15: =IF(AND(C15<>"",J15>0,J15=SUMPRODUCT(MAX(($B$6:$B$205=B15)*($C$6:$C$205=C15)*$J$6:$J$205))),"◄ GARGALO","") | L15: =H15+I15+ROW()/10000000
A16: =IF(BASE!A16="","",BASE!A16) | B16: =IF(BASE!B16="","",BASE!B16) | C16: =IF(BASE!C16="","",BASE!C16) | D16: =IF(BASE!D16="","",BASE!D16) | E16: =IF(BASE!E16="","",BASE!E16) | F16: =IF(BASE!F16="","",BASE!F16) | G16: =N(BASE!L16)*INDEX(PARAMETROS!$C$25:$F$25,PARAMETROS!$C$9) | H16: =IF(E16="",0,INDEX(PARAMETROS!$C$25:$F$25,PARAMETROS!$C$9)/60*N(BASE!L16)*BASE!P16*(IF(INDEX(PARAMETROS!$C$27:$F$27,PARAMETROS!$C$9)="Real",BASE!N16,N(BASE!H16))*INDEX(PARAMETROS!$C$26:$F$26,PARAMETROS!$C$9)+BASE!O16)) | I16: =IF(F16="",0,INDEX(PARAMETROS!$C$25:$F$25,PARAMETROS!$C$9)/60*N(BASE!L16)*(IF(INDEX(PARAMETROS!$C$27:$F$27,PARAMETROS!$C$9)="Real",BASE!N16,N(BASE!H16))*INDEX(PARAMETROS!$C$26:$F$26,PARAMETROS!$C$9)+BASE!O16)) | J16: =MAX(IFERROR(INDEX(CAP_CELULA!$J$6:$J$65,(PARAMETROS!$C$9-1)*15+MATCH(E16,MAO_OBRA!$A$6:$A$20,0)),0),IFERROR(INDEX(USINAGEM!$I$6:$I$29,(PARAMETROS!$C$9-1)*6+MATCH(F16,PARAMETROS!$B$32:$B$37,0)),0)) | K16: =IF(AND(C16<>"",J16>0,J16=SUMPRODUCT(MAX(($B$6:$B$205=B16)*($C$6:$C$205=C16)*$J$6:$J$205))),"◄ GARGALO","") | L16: =H16+I16+ROW()/10000000
A17: =IF(BASE!A17="","",BASE!A17) | B17: =IF(BASE!B17="","",BASE!B17) | C17: =IF(BASE!C17="","",BASE!C17) | D17: =IF(BASE!D17="","",BASE!D17) | E17: =IF(BASE!E17="","",BASE!E17) | F17: =IF(BASE!F17="","",BASE!F17) | G17: =N(BASE!L17)*INDEX(PARAMETROS!$C$25:$F$25,PARAMETROS!$C$9) | H17: =IF(E17="",0,INDEX(PARAMETROS!$C$25:$F$25,PARAMETROS!$C$9)/60*N(BASE!L17)*BASE!P17*(IF(INDEX(PARAMETROS!$C$27:$F$27,PARAMETROS!$C$9)="Real",BASE!N17,N(BASE!H17))*INDEX(PARAMETROS!$C$26:$F$26,PARAMETROS!$C$9)+BASE!O17)) | I17: =IF(F17="",0,INDEX(PARAMETROS!$C$25:$F$25,PARAMETROS!$C$9)/60*N(BASE!L17)*(IF(INDEX(PARAMETROS!$C$27:$F$27,PARAMETROS!$C$9)="Real",BASE!N17,N(BASE!H17))*INDEX(PARAMETROS!$C$26:$F$26,PARAMETROS!$C$9)+BASE!O17)) | J17: =MAX(IFERROR(INDEX(CAP_CELULA!$J$6:$J$65,(PARAMETROS!$C$9-1)*15+MATCH(E17,MAO_OBRA!$A$6:$A$20,0)),0),IFERROR(INDEX(USINAGEM!$I$6:$I$29,(PARAMETROS!$C$9-1)*6+MATCH(F17,PARAMETROS!$B$32:$B$37,0)),0)) | K17: =IF(AND(C17<>"",J17>0,J17=SUMPRODUCT(MAX(($B$6:$B$205=B17)*($C$6:$C$205=C17)*$J$6:$J$205))),"◄ GARGALO","") | L17: =H17+I17+ROW()/10000000
A18: =IF(BASE!A18="","",BASE!A18) | B18: =IF(BASE!B18="","",BASE!B18) | C18: =IF(BASE!C18="","",BASE!C18) | D18: =IF(BASE!D18="","",BASE!D18) | E18: =IF(BASE!E18="","",BASE!E18) | F18: =IF(BASE!F18="","",BASE!F18) | G18: =N(BASE!L18)*INDEX(PARAMETROS!$C$25:$F$25,PARAMETROS!$C$9) | H18: =IF(E18="",0,INDEX(PARAMETROS!$C$25:$F$25,PARAMETROS!$C$9)/60*N(BASE!L18)*BASE!P18*(IF(INDEX(PARAMETROS!$C$27:$F$27,PARAMETROS!$C$9)="Real",BASE!N18,N(BASE!H18))*INDEX(PARAMETROS!$C$26:$F$26,PARAMETROS!$C$9)+BASE!O18)) | I18: =IF(F18="",0,INDEX(PARAMETROS!$C$25:$F$25,PARAMETROS!$C$9)/60*N(BASE!L18)*(IF(INDEX(PARAMETROS!$C$27:$F$27,PARAMETROS!$C$9)="Real",BASE!N18,N(BASE!H18))*INDEX(PARAMETROS!$C$26:$F$26,PARAMETROS!$C$9)+BASE!O18)) | J18: =MAX(IFERROR(INDEX(CAP_CELULA!$J$6:$J$65,(PARAMETROS!$C$9-1)*15+MATCH(E18,MAO_OBRA!$A$6:$A$20,0)),0),IFERROR(INDEX(USINAGEM!$I$6:$I$29,(PARAMETROS!$C$9-1)*6+MATCH(F18,PARAMETROS!$B$32:$B$37,0)),0)) | K18: =IF(AND(C18<>"",J18>0,J18=SUMPRODUCT(MAX(($B$6:$B$205=B18)*($C$6:$C$205=C18)*$J$6:$J$205))),"◄ GARGALO","") | L18: =H18+I18+ROW()/10000000
A19: =IF(BASE!A19="","",BASE!A19) | B19: =IF(BASE!B19="","",BASE!B19) | C19: =IF(BASE!C19="","",BASE!C19) | D19: =IF(BASE!D19="","",BASE!D19) | E19: =IF(BASE!E19="","",BASE!E19) | F19: =IF(BASE!F19="","",BASE!F19) | G19: =N(BASE!L19)*INDEX(PARAMETROS!$C$25:$F$25,PARAMETROS!$C$9) | H19: =IF(E19="",0,INDEX(PARAMETROS!$C$25:$F$25,PARAMETROS!$C$9)/60*N(BASE!L19)*BASE!P19*(IF(INDEX(PARAMETROS!$C$27:$F$27,PARAMETROS!$C$9)="Real",BASE!N19,N(BASE!H19))*INDEX(PARAMETROS!$C$26:$F$26,PARAMETROS!$C$9)+BASE!O19)) | I19: =IF(F19="",0,INDEX(PARAMETROS!$C$25:$F$25,PARAMETROS!$C$9)/60*N(BASE!L19)*(IF(INDEX(PARAMETROS!$C$27:$F$27,PARAMETROS!$C$9)="Real",BASE!N19,N(BASE!H19))*INDEX(PARAMETROS!$C$26:$F$26,PARAMETROS!$C$9)+BASE!O19)) | J19: =MAX(IFERROR(INDEX(CAP_CELULA!$J$6:$J$65,(PARAMETROS!$C$9-1)*15+MATCH(E19,MAO_OBRA!$A$6:$A$20,0)),0),IFERROR(INDEX(USINAGEM!$I$6:$I$29,(PARAMETROS!$C$9-1)*6+MATCH(F19,PARAMETROS!$B$32:$B$37,0)),0)) | K19: =IF(AND(C19<>"",J19>0,J19=SUMPRODUCT(MAX(($B$6:$B$205=B19)*($C$6:$C$205=C19)*$J$6:$J$205))),"◄ GARGALO","") | L19: =H19+I19+ROW()/10000000
A20: =IF(BASE!A20="","",BASE!A20) | B20: =IF(BASE!B20="","",BASE!B20) | C20: =IF(BASE!C20="","",BASE!C20) | D20: =IF(BASE!D20="","",BASE!D20) | E20: =IF(BASE!E20="","",BASE!E20) | F20: =IF(BASE!F20="","",BASE!F20) | G20: =N(BASE!L20)*INDEX(PARAMETROS!$C$25:$F$25,PARAMETROS!$C$9) | H20: =IF(E20="",0,INDEX(PARAMETROS!$C$25:$F$25,PARAMETROS!$C$9)/60*N(BASE!L20)*BASE!P20*(IF(INDEX(PARAMETROS!$C$27:$F$27,PARAMETROS!$C$9)="Real",BASE!N20,N(BASE!H20))*INDEX(PARAMETROS!$C$26:$F$26,PARAMETROS!$C$9)+BASE!O20)) | I20: =IF(F20="",0,INDEX(PARAMETROS!$C$25:$F$25,PARAMETROS!$C$9)/60*N(BASE!L20)*(IF(INDEX(PARAMETROS!$C$27:$F$27,PARAMETROS!$C$9)="Real",BASE!N20,N(BASE!H20))*INDEX(PARAMETROS!$C$26:$F$26,PARAMETROS!$C$9)+BASE!O20)) | J20: =MAX(IFERROR(INDEX(CAP_CELULA!$J$6:$J$65,(PARAMETROS!$C$9-1)*15+MATCH(E20,MAO_OBRA!$A$6:$A$20,0)),0),IFERROR(INDEX(USINAGEM!$I$6:$I$29,(PARAMETROS!$C$9-1)*6+MATCH(F20,PARAMETROS!$B$32:$B$37,0)),0)) | K20: =IF(AND(C20<>"",J20>0,J20=SUMPRODUCT(MAX(($B$6:$B$205=B20)*($C$6:$C$205=C20)*$J$6:$J$205))),"◄ GARGALO","") | L20: =H20+I20+ROW()/10000000
A21: =IF(BASE!A21="","",BASE!A21) | B21: =IF(BASE!B21="","",BASE!B21) | C21: =IF(BASE!C21="","",BASE!C21) | D21: =IF(BASE!D21="","",BASE!D21) | E21: =IF(BASE!E21="","",BASE!E21) | F21: =IF(BASE!F21="","",BASE!F21) | G21: =N(BASE!L21)*INDEX(PARAMETROS!$C$25:$F$25,PARAMETROS!$C$9) | H21: =IF(E21="",0,INDEX(PARAMETROS!$C$25:$F$25,PARAMETROS!$C$9)/60*N(BASE!L21)*BASE!P21*(IF(INDEX(PARAMETROS!$C$27:$F$27,PARAMETROS!$C$9)="Real",BASE!N21,N(BASE!H21))*INDEX(PARAMETROS!$C$26:$F$26,PARAMETROS!$C$9)+BASE!O21)) | I21: =IF(F21="",0,INDEX(PARAMETROS!$C$25:$F$25,PARAMETROS!$C$9)/60*N(BASE!L21)*(IF(INDEX(PARAMETROS!$C$27:$F$27,PARAMETROS!$C$9)="Real",BASE!N21,N(BASE!H21))*INDEX(PARAMETROS!$C$26:$F$26,PARAMETROS!$C$9)+BASE!O21)) | J21: =MAX(IFERROR(INDEX(CAP_CELULA!$J$6:$J$65,(PARAMETROS!$C$9-1)*15+MATCH(E21,MAO_OBRA!$A$6:$A$20,0)),0),IFERROR(INDEX(USINAGEM!$I$6:$I$29,(PARAMETROS!$C$9-1)*6+MATCH(F21,PARAMETROS!$B$32:$B$37,0)),0)) | K21: =IF(AND(C21<>"",J21>0,J21=SUMPRODUCT(MAX(($B$6:$B$205=B21)*($C$6:$C$205=C21)*$J$6:$J$205))),"◄ GARGALO","") | L21: =H21+I21+ROW()/10000000
... A205: =IF(BASE!A205="","",BASE!A205) | B205: =IF(BASE!B205="","",BASE!B205) | C205: =IF(BASE!C205="","",BASE!C205) | D205: =IF(BASE!D205="","",BASE!D205) | E205: =IF(BASE!E205="","",BASE!E205) | F205: =IF(BASE!F205="","",BASE!F205) | G205: =N(BASE!L205)*INDEX(PARAMETROS!$C$25:$F$25,PARAMETROS!$C$9) | H205: =IF(E205="",0,INDEX(PARAMETROS!$C$25:$F$25,PARAMETROS!$C$9)/60*N(BASE!L205)*BASE!P205*(IF(INDEX(PARAMETROS!$C$27:$F$27,PARAMETROS!$C$9)="Real",BASE!N205,N(BASE!H205))*INDEX(PARAMETROS!$C$26:$F$26,PARAMETROS!$C$9)+BASE!O205)) | I205: =IF(F205="",0,INDEX(PARAMETROS!$C$25:$F$25,PARAMETROS!$C$9)/60*N(BASE!L205)*(IF(INDEX(PARAMETROS!$C$27:$F$27,PARAMETROS!$C$9)="Real",BASE!N205,N(BASE!H205))*INDEX(PARAMETROS!$C$26:$F$26,PARAMETROS!$C$9)+BASE!O205)) | J205: =MAX(IFERROR(INDEX(CAP_CELULA!$J$6:$J$65,(PARAMETROS!$C$9-1)*15+MATCH(E205,MAO_OBRA!$A$6:$A$20,0)),0),IFERROR(INDEX(USINAGEM!$I$6:$I$29,(PARAMETROS!$C$9-1)*6+MATCH(F205,PARAMETROS!$B$32:$B$37,0)),0)) | K205: =IF(AND(C205<>"",J205>0,J205=SUMPRODUCT(MAX(($B$6:$B$205=B205)*($C$6:$C$205=C205)*$J$6:$J$205))),"◄ GARGALO","") | L205: =H205+I205+ROW()/10000000

Sheet COMPARATIVO
A1: COMPARATIVO DE CENÁRIOS
A2: Resultados lado a lado. Parâmetros dos cenários em PARAMETROS (C17:F28).
B4: Indicador | C4: =PARAMETROS!C17 | D4: =PARAMETROS!D17 | E4: =PARAMETROS!E17 | F4: =PARAMETROS!F17
B5: Funcionários disponíveis | C5: =SUMIF(CAP_CELULA!$A$6:$A$65,1,CAP_CELULA!$E$6:$E$65) | D5: =SUMIF(CAP_CELULA!$A$6:$A$65,2,CAP_CELULA!$E$6:$E$65) | E5: =SUMIF(CAP_CELULA!$A$6:$A$65,3,CAP_CELULA!$E$6:$E$65) | F5: =SUMIF(CAP_CELULA!$A$6:$A$65,4,CAP_CELULA!$E$6:$E$65)
B6: Capacidade efetiva (h) | C6: =SUMIF(CAP_CELULA!$A$6:$A$65,1,CAP_CELULA!$G$6:$G$65) | D6: =SUMIF(CAP_CELULA!$A$6:$A$65,2,CAP_CELULA!$G$6:$G$65) | E6: =SUMIF(CAP_CELULA!$A$6:$A$65,3,CAP_CELULA!$G$6:$G$65) | F6: =SUMIF(CAP_CELULA!$A$6:$A$65,4,CAP_CELULA!$G$6:$G$65)
B7: Carga planejada (h) | C7: =SUMIF(CAP_CELULA!$A$6:$A$65,1,CAP_CELULA!$I$6:$I$65) | D7: =SUMIF(CAP_CELULA!$A$6:$A$65,2,CAP_CELULA!$I$6:$I$65) | E7: =SUMIF(CAP_CELULA!$A$6:$A$65,3,CAP_CELULA!$I$6:$I$65) | F7: =SUMIF(CAP_CELULA!$A$6:$A$65,4,CAP_CELULA!$I$6:$I$65)
B8: Utilização geral | C8: =IF(C6>0,C7/C6,0) | D8: =IF(D6>0,D7/D6,0) | E8: =IF(E6>0,E7/E6,0) | F8: =IF(F6>0,F7/F6,0)
B9: Horas excedentes (h) | C9: =SUMIF(CAP_CELULA!$A$6:$A$65,1,CAP_CELULA!$M$6:$M$65) | D9: =SUMIF(CAP_CELULA!$A$6:$A$65,2,CAP_CELULA!$M$6:$M$65) | E9: =SUMIF(CAP_CELULA!$A$6:$A$65,3,CAP_CELULA!$M$6:$M$65) | F9: =SUMIF(CAP_CELULA!$A$6:$A$65,4,CAP_CELULA!$M$6:$M$65)
B10: Horas ociosas (h) | C10: =SUMIF(CAP_CELULA!$A$6:$A$65,1,CAP_CELULA!$L$6:$L$65) | D10: =SUMIF(CAP_CELULA!$A$6:$A$65,2,CAP_CELULA!$L$6:$L$65) | E10: =SUMIF(CAP_CELULA!$A$6:$A$65,3,CAP_CELULA!$L$6:$L$65) | F10: =SUMIF(CAP_CELULA!$A$6:$A$65,4,CAP_CELULA!$L$6:$L$65)
B11: Horas extras necessárias (h) | C11: =SUMIF(CAP_CELULA!$A$6:$A$65,1,CAP_CELULA!$N$6:$N$65) | D11: =SUMIF(CAP_CELULA!$A$6:$A$65,2,CAP_CELULA!$N$6:$N$65) | E11: =SUMIF(CAP_CELULA!$A$6:$A$65,3,CAP_CELULA!$N$6:$N$65) | F11: =SUMIF(CAP_CELULA!$A$6:$A$65,4,CAP_CELULA!$N$6:$N$65)
B12: Funcionários adicionais necessários | C12: =SUMIF(CAP_CELULA!$A$6:$A$65,1,CAP_CELULA!$O$6:$O$65) | D12: =SUMIF(CAP_CELULA!$A$6:$A$65,2,CAP_CELULA!$O$6:$O$65) | E12: =SUMIF(CAP_CELULA!$A$6:$A$65,3,CAP_CELULA!$O$6:$O$65) | F12: =SUMIF(CAP_CELULA!$A$6:$A$65,4,CAP_CELULA!$O$6:$O$65)
B13: Funcionários necessários | C13: =C5+C12 | D13: =D5+D12 | E13: =E5+E12 | F13: =F5+F12
B14: Sogyodo geral | C14: =IF(PARAMETROS!$C$8="Nominal",IF(SUMIF(CAP_CELULA!$A$6:$A$65,1,CAP_CELULA!$F$6:$F$65)>0,C7/SUMIF(CAP_CELULA!$A$6:$A$65,1,CAP_CELULA!$F$6:$F$65),0),C8) | D14: =IF(PARAMETROS!$C$8="Nominal",IF(SUMIF(CAP_CELULA!$A$6:$A$65,2,CAP_CELULA!$F$6:$F$65)>0,D7/SUMIF(CAP_CELULA!$A$6:$A$65,2,CAP_CELULA!$F$6:$F$65),0),D8) | E14: =IF(PARAMETROS!$C$8="Nominal",IF(SUMIF(CAP_CELULA!$A$6:$A$65,3,CAP_CELULA!$F$6:$F$65)>0,E7/SUMIF(CAP_CELULA!$A$6:$A$65,3,CAP_CELULA!$F$6:$F$65),0),E8) | F14: =IF(PARAMETROS!$C$8="Nominal",IF(SUMIF(CAP_CELULA!$A$6:$A$65,4,CAP_CELULA!$F$6:$F$65)>0,F7/SUMIF(CAP_CELULA!$A$6:$A$65,4,CAP_CELULA!$F$6:$F$65),0),F8)
B15: Células INSUFICIENTES | C15: =COUNTIFS(CAP_CELULA!$A$6:$A$65,1,CAP_CELULA!$Q$6:$Q$65,"INSUFICIENTE") | D15: =COUNTIFS(CAP_CELULA!$A$6:$A$65,2,CAP_CELULA!$Q$6:$Q$65,"INSUFICIENTE") | E15: =COUNTIFS(CAP_CELULA!$A$6:$A$65,3,CAP_CELULA!$Q$6:$Q$65,"INSUFICIENTE") | F15: =COUNTIFS(CAP_CELULA!$A$6:$A$65,4,CAP_CELULA!$Q$6:$Q$65,"INSUFICIENTE")
B16: Células em ATENÇÃO | C16: =COUNTIFS(CAP_CELULA!$A$6:$A$65,1,CAP_CELULA!$Q$6:$Q$65,"ATENÇÃO") | D16: =COUNTIFS(CAP_CELULA!$A$6:$A$65,2,CAP_CELULA!$Q$6:$Q$65,"ATENÇÃO") | E16: =COUNTIFS(CAP_CELULA!$A$6:$A$65,3,CAP_CELULA!$Q$6:$Q$65,"ATENÇÃO") | F16: =COUNTIFS(CAP_CELULA!$A$6:$A$65,4,CAP_CELULA!$Q$6:$Q$65,"ATENÇÃO")
B17: Máquinas INSUFICIENTES | C17: =COUNTIFS(USINAGEM!$A$6:$A$29,1,USINAGEM!$N$6:$N$29,"INSUFICIENTE") | D17: =COUNTIFS(USINAGEM!$A$6:$A$29,2,USINAGEM!$N$6:$N$29,"INSUFICIENTE") | E17: =COUNTIFS(USINAGEM!$A$6:$A$29,3,USINAGEM!$N$6:$N$29,"INSUFICIENTE") | F17: =COUNTIFS(USINAGEM!$A$6:$A$29,4,USINAGEM!$N$6:$N$29,"INSUFICIENTE")
B18: Maior utilização na usinagem | C18: =SUMPRODUCT(MAX((USINAGEM!$A$6:$A$29=1)*USINAGEM!$I$6:$I$29)) | D18: =SUMPRODUCT(MAX((USINAGEM!$A$6:$A$29=2)*USINAGEM!$I$6:$I$29)) | E18: =SUMPRODUCT(MAX((USINAGEM!$A$6:$A$29=3)*USINAGEM!$I$6:$I$29)) | F18: =SUMPRODUCT(MAX((USINAGEM!$A$6:$A$29=4)*USINAGEM!$I$6:$I$29))
B19: Demanda mensal total (pç) | C19: =SUM(BASE!$L$6:$L$205)*PARAMETROS!C25 | D19: =SUM(BASE!$L$6:$L$205)*PARAMETROS!D25 | E19: =SUM(BASE!$L$6:$L$205)*PARAMETROS!E25 | F19: =SUM(BASE!$L$6:$L$205)*PARAMETROS!F25
B20: Capacidade equivalente (pç/mês) | C20: =IF(C7>0,C19*C6/C7,0) | D20: =IF(D7>0,D19*D6/D7,0) | E20: =IF(E7>0,E19*E6/E7,0) | F20: =IF(F7>0,F19*F6/F7,0)

Sheet PLANO
A1: PLANO DE PRODUÇÃO (máquinas/mês) E DIAS ÚTEIS
A2: Fonte: 3. Production Plan e 1.Available (arquivo Gilmar). Edite as quantidades; a BASE e todos os cálculos atualizam.
B4: Modelo | C4: abr/26 | D4: mai/26 | E4: jun/26 | F4: jul/26 | G4: ago/26 | H4: set/26 | I4: out/26 | J4: nov/26 | K4: dez/26 | L4: jan/27 | M4: fev/27 | N4: mar/27 | O4: Média | P4: Família
B5: Dias úteis | C5: 19 | D5: 20 | E5: 21 | F5: 18 | G5: 21 | H5: 21 | I5: 21 | J5: 19 | K5: 18 | L5: 13 | M5: 20 | N5: 18 | O5: =AVERAGE(C5:N5)
B6: D51-22 | C6: 6 | D6: 20 | E6: 8 | F6: 18 | G6: 13 | H6: 8 | I6: 14 | J6: 18 | K6: 12 | L6: 9 | M6: 16 | N6: 18 | O6: =IF(B6="","",AVERAGE(C6:N6)) | P6: CT
B7: D51-24 | C7: 19 | D7: 22 | E7: 22 | F7: 3 | G7: 15 | H7: 20 | I7: 23 | J7: 42 | K7: 35 | L7: 16 | M7: 27 | N7: 17 | O7: =IF(B7="","",AVERAGE(C7:N7)) | P7: CT
B8: D61-23 | C8: 17 | D8: 32 | E8: 15 | F8: 27 | G8: 27 | H8: 26 | I8: 16 | J8: 27 | K8: 15 | L8: 13 | M8: 26 | N8: 29 | O8: =IF(B8="","",AVERAGE(C8:N8)) | P8: CT
B9: D61-24 | C9: 24 | D9: 36 | E9: 43 | F9: 38 | G9: 34 | H9: 45 | I9: 45 | J9: 27 | K9: 47 | L9: 46 | M9: 38 | N9: 28 | O9: =IF(B9="","",AVERAGE(C9:N9)) | P9: CT
B10: D71-24 | C10: 0 | D10: 0 | E10: 0 | F10: 0 | G10: 0 | H10: 0 | I10: 0 | J10: 0 | K10: 0 | L10: 0 | M10: 0 | N10: 0 | O10: =IF(B10="","",AVERAGE(C10:N10)) | P10: CT
B11: GD655-5 | C11: 4 | D11: 10 | E11: 7 | F11: 8 | G11: 10 | H11: 11 | I11: 10 | J11: 8 | K11: 11 | L11: 9 | M11: 10 | N11: 10 | O11: =IF(B11="","",AVERAGE(C11:N11)) | P11: MG
B12: PC130 | C12: 12 | D12: 23 | E12: 17 | F12: 12 | G12: 26 | H12: 24 | I12: 18 | J12: 18 | K12: 15 | L12: 13 | M12: 20 | N12: 24 | O12: =IF(B12="","",AVERAGE(C12:N12)) | P12: HE/PC
B13: PC160 | C13: 2 | D13: 11 | E13: 4 | F13: 4 | G13: 0 | H13: 3 | I13: 3 | J13: 0 | K13: 0 | L13: 0 | M13: 0 | N13: 0 | O13: =IF(B13="","",AVERAGE(C13:N13)) | P13: HE/PC
B14: PC200 | C14: 20 | D14: 18 | E14: 22 | F14: 21 | G14: 25 | H14: 25 | I14: 16 | J14: 22 | K14: 19 | L14: 17 | M14: 25 | N14: 22 | O14: =IF(B14="","",AVERAGE(C14:N14)) | P14: HE/PC
B15: PC210F | C15: 0 | D15: 1 | E15: 0 | F15: 2 | G15: 2 | H15: 2 | I15: 2 | J15: 4 | K15: 5 | L15: 6 | M15: 6 | N15: 0 | O15: =IF(B15="","",AVERAGE(C15:N15)) | P15: HE/PC
B16: PC220F | C16: 2 | D16: 1 | E16: 9 | F16: 14 | G16: 11 | H16: 11 | I16: 11 | J16: 15 | K16: 15 | L16: 13 | M16: 20 | N16: 15 | O16: =IF(B16="","",AVERAGE(C16:N16)) | P16: HE/PC
B17: PC210 | C17: 31 | D17: 38 | E17: 28 | F17: 31 | G17: 32 | H17: 33 | I17: 32 | J17: 27 | K17: 28 | L17: 16 | M17: 32 | N17: 34 | O17: =IF(B17="","",AVERAGE(C17:N17)) | P17: HE/PC
... B26: GD535-5 | C26: 1 | D26: 1 | E26: 1 | F26: 0 | G26: 0 | H26: 0 | I26: 2 | J26: 1 | K26: 1 | L26: 1 | M26: 1 | N26: 0 | O26: =IF(B26="","",AVERAGE(C26:N26)) | P26: MG
O27: =IF(B27="","",AVERAGE(C27:N27))
O28: =IF(B28="","",AVERAGE(C28:N28))
O29: =IF(B29="","",AVERAGE(C29:N29))
O30: =IF(B30="","",AVERAGE(C30:N30))
O31: =IF(B31="","",AVERAGE(C31:N31))
O32: =IF(B32="","",AVERAGE(C32:N32))
O33: =IF(B33="","",AVERAGE(C33:N33))
O34: =IF(B34="","",AVERAGE(C34:N34))
O35: =IF(B35="","",AVERAGE(C35:N35))
O36: =IF(B36="","",AVERAGE(C36:N36))
O37: =IF(B37="","",AVERAGE(C37:N37))
O38: =IF(B38="","",AVERAGE(C38:N38))
... O40: =IF(B40="","",AVERAGE(C40:N40))
B41: TOTAL | C41: =SUM(C6:C40) | D41: =SUM(D6:D40) | E41: =SUM(E6:E40) | F41: =SUM(F6:F40) | G41: =SUM(G6:G40) | H41: =SUM(H6:H40) | I41: =SUM(I6:I40) | J41: =SUM(J6:J40) | ... O41: =SUM(O6:O40)

Sheet BASE
A1: BASE DE DADOS
A2: Uma linha = peça × processo. Preencha só as colunas amarelas. Colunas cinza são calculadas. Use o filtro (setas) por família, modelo, célula ou máquina.
A5: Família | B5: Modelo | C5: Peça | D5: Processo | E5: Célula | F5: Máquina usinagem | G5: Operadores (h-homem) | H5: Tempo padrão (min/pç) | I5: Tempo real (min/pç) | J5: Setup (min/lote) | K5: Lote (pç) | L5: Demanda do mês (pç) — vem de PLANO | M5: Observação / Pendência | N5: Tempo real efetivo | O5: Setup min/pç | P5: Operadores efetivo | Q5: Eficiência proc. (TP/TR)
A6: CT | B6: D51-22 | C6: S-CASE | D6: USINAGEM | F6: UMC01 | H6: 58 | L6: =IF(B6="",0,IFERROR(INDEX(PLANO!$C$6:$N$40,MATCH(B6,PLANO!$B$6:$B$40,0),MATCH(PARAMETROS!$C$3,PLANO!$C$4:$N$4,0)),0)) | M6: Setup, lote e tempo real: pendentes (não constam no arquivo) | N6: =IF(I6>0,I6,H6) | O6: =IF(K6>0,J6/K6,0) | P6: =IF(G6>0,G6,1) | Q6: =IF(AND(H6>0,I6>0),H6/I6,"")
A7: CT | B7: D51-24 | C7: S-CASE | D7: USINAGEM | F7: UMC01 | H7: 58 | L7: =IF(B7="",0,IFERROR(INDEX(PLANO!$C$6:$N$40,MATCH(B7,PLANO!$B$6:$B$40,0),MATCH(PARAMETROS!$C$3,PLANO!$C$4:$N$4,0)),0)) | M7: Setup, lote e tempo real: pendentes (não constam no arquivo) | N7: =IF(I7>0,I7,H7) | O7: =IF(K7>0,J7/K7,0) | P7: =IF(G7>0,G7,1) | Q7: =IF(AND(H7>0,I7>0),H7/I7,"")
A8: CT | B8: D61-23 | C8: S-CASE | D8: USINAGEM | F8: UMC01 | H8: 54 | L8: =IF(B8="",0,IFERROR(INDEX(PLANO!$C$6:$N$40,MATCH(B8,PLANO!$B$6:$B$40,0),MATCH(PARAMETROS!$C$3,PLANO!$C$4:$N$4,0)),0)) | M8: Setup, lote e tempo real: pendentes (não constam no arquivo) | N8: =IF(I8>0,I8,H8) | O8: =IF(K8>0,J8/K8,0) | P8: =IF(G8>0,G8,1) | Q8: =IF(AND(H8>0,I8>0),H8/I8,"")
A9: CT | B9: D61-24 | C9: S-CASE | D9: USINAGEM | F9: UMC01 | H9: 54 | L9: =IF(B9="",0,IFERROR(INDEX(PLANO!$C$6:$N$40,MATCH(B9,PLANO!$B$6:$B$40,0),MATCH(PARAMETROS!$C$3,PLANO!$C$4:$N$4,0)),0)) | M9: Setup, lote e tempo real: pendentes (não constam no arquivo) | N9: =IF(I9>0,I9,H9) | O9: =IF(K9>0,J9/K9,0) | P9: =IF(G9>0,G9,1) | Q9: =IF(AND(H9>0,I9>0),H9/I9,"")
A10: WL/WA | B10: WA200 | C10: HINGE CENTER | D10: USINAGEM | F10: UMC01 | H10: 46.23 | L10: =IF(B10="",0,IFERROR(INDEX(PLANO!$C$6:$N$40,MATCH(B10,PLANO!$B$6:$B$40,0),MATCH(PARAMETROS!$C$3,PLANO!$C$4:$N$4,0)),0)) | M10: Setup, lote e tempo real: pendentes (não constam no arquivo) | N10: =IF(I10>0,I10,H10) | O10: =IF(K10>0,J10/K10,0) | P10: =IF(G10>0,G10,1) | Q10: =IF(AND(H10>0,I10>0),H10/I10,"")
A11: WL/WA | B11: WA150 | C11: HINGE CENTER | D11: USINAGEM | F11: UMC01 | H11: 55 | L11: =IF(B11="",0,IFERROR(INDEX(PLANO!$C$6:$N$40,MATCH(B11,PLANO!$B$6:$B$40,0),MATCH(PARAMETROS!$C$3,PLANO!$C$4:$N$4,0)),0)) | M11: Setup, lote e tempo real: pendentes (não constam no arquivo) | N11: =IF(I11>0,I11,H11) | O11: =IF(K11>0,J11/K11,0) | P11: =IF(G11>0,G11,1) | Q11: =IF(AND(H11>0,I11>0),H11/I11,"")
A12: WL/WA | B12: WA320 | C12: HINGE CENTER | D12: USINAGEM | F12: UMC01 | H12: 55 | L12: =IF(B12="",0,IFERROR(INDEX(PLANO!$C$6:$N$40,MATCH(B12,PLANO!$B$6:$B$40,0),MATCH(PARAMETROS!$C$3,PLANO!$C$4:$N$4,0)),0)) | M12: Setup, lote e tempo real: pendentes (não constam no arquivo) | N12: =IF(I12>0,I12,H12) | O12: =IF(K12>0,J12/K12,0) | P12: =IF(G12>0,G12,1) | Q12: =IF(AND(H12>0,I12>0),H12/I12,"")
A13: WL/WA | B13: WA380 | C13: HINGE CENTER | D13: USINAGEM | F13: UMC01 | H13: 55 | L13: =IF(B13="",0,IFERROR(INDEX(PLANO!$C$6:$N$40,MATCH(B13,PLANO!$B$6:$B$40,0),MATCH(PARAMETROS!$C$3,PLANO!$C$4:$N$4,0)),0)) | M13: Setup, lote e tempo real: pendentes (não constam no arquivo) | N13: =IF(I13>0,I13,H13) | O13: =IF(K13>0,J13/K13,0) | P13: =IF(G13>0,G13,1) | Q13: =IF(AND(H13>0,I13>0),H13/I13,"")
A14: HE/PC | B14: PC130 | C14: MESA CENTRAL | D14: USINAGEM | F14: UMC01 | H14: 100.2 | L14: =IF(B14="",0,IFERROR(INDEX(PLANO!$C$6:$N$40,MATCH(B14,PLANO!$B$6:$B$40,0),MATCH(PARAMETROS!$C$3,PLANO!$C$4:$N$4,0)),0)) | M14: Setup, lote e tempo real: pendentes (não constam no arquivo) | N14: =IF(I14>0,I14,H14) | O14: =IF(K14>0,J14/K14,0) | P14: =IF(G14>0,G14,1) | Q14: =IF(AND(H14>0,I14>0),H14/I14,"")
A15: HE/PC | B15: PC200 | C15: MESA CENTRAL | D15: USINAGEM | F15: UMC01 | H15: 126 | L15: =IF(B15="",0,IFERROR(INDEX(PLANO!$C$6:$N$40,MATCH(B15,PLANO!$B$6:$B$40,0),MATCH(PARAMETROS!$C$3,PLANO!$C$4:$N$4,0)),0)) | M15: Setup, lote e tempo real: pendentes (não constam no arquivo) | N15: =IF(I15>0,I15,H15) | O15: =IF(K15>0,J15/K15,0) | P15: =IF(G15>0,G15,1) | Q15: =IF(AND(H15>0,I15>0),H15/I15,"")
A16: HE/PC | B16: PC210LC | C16: MESA CENTRAL | D16: USINAGEM | F16: UMC01 | H16: 126 | L16: =IF(B16="",0,IFERROR(INDEX(PLANO!$C$6:$N$40,MATCH(B16,PLANO!$B$6:$B$40,0),MATCH(PARAMETROS!$C$3,PLANO!$C$4:$N$4,0)),0)) | M16: Setup, lote e tempo real: pendentes (não constam no arquivo) | N16: =IF(I16>0,I16,H16) | O16: =IF(K16>0,J16/K16,0) | P16: =IF(G16>0,G16,1) | Q16: =IF(AND(H16>0,I16>0),H16/I16,"")
A17: HE/PC | B17: PC210F | C17: MESA CENTRAL | D17: USINAGEM | F17: UMC01 | H17: 126 | L17: =IF(B17="",0,IFERROR(INDEX(PLANO!$C$6:$N$40,MATCH(B17,PLANO!$B$6:$B$40,0),MATCH(PARAMETROS!$C$3,PLANO!$C$4:$N$4,0)),0)) | M17: Setup, lote e tempo real: pendentes (não constam no arquivo) | N17: =IF(I17>0,I17,H17) | O17: =IF(K17>0,J17/K17,0) | P17: =IF(G17>0,G17,1) | Q17: =IF(AND(H17>0,I17>0),H17/I17,"")
... A47: HE/PC | B47: PC160 | C47: LANÇA PC | D47: USINAGEM | F47: NCBZ | H47: 40 | L47: =IF(B47="",0,IFERROR(INDEX(PLANO!$C$6:$N$40,MATCH(B47,PLANO!$B$6:$B$40,0),MATCH(PARAMETROS!$C$3,PLANO!$C$4:$N$4,0)),0)) | M47: Setup, lote e tempo real: pendentes (não constam no arquivo) | N47: =IF(I47>0,I47,H47) | O47: =IF(K47>0,J47/K47,0) | P47: =IF(G47>0,G47,1) | Q47: =IF(AND(H47>0,I47>0),H47/I47,"")
L48: =IF(B48="",0,IFERROR(INDEX(PLANO!$C$6:$N$40,MATCH(B48,PLANO!$B$6:$B$40,0),MATCH(PARAMETROS!$C$3,PLANO!$C$4:$N$4,0)),0)) | N48: =IF(I48>0,I48,H48) | O48: =IF(K48>0,J48/K48,0) | P48: =IF(G48>0,G48,1) | Q48: =IF(AND(H48>0,I48>0),H48/I48,"")
L49: =IF(B49="",0,IFERROR(INDEX(PLANO!$C$6:$N$40,MATCH(B49,PLANO!$B$6:$B$40,0),MATCH(PARAMETROS!$C$3,PLANO!$C$4:$N$4,0)),0)) | N49: =IF(I49>0,I49,H49) | O49: =IF(K49>0,J49/K49,0) | P49: =IF(G49>0,G49,1) | Q49: =IF(AND(H49>0,I49>0),H49/I49,"")
L50: =IF(B50="",0,IFERROR(INDEX(PLANO!$C$6:$N$40,MATCH(B50,PLANO!$B$6:$B$40,0),MATCH(PARAMETROS!$C$3,PLANO!$C$4:$N$4,0)),0)) | N50: =IF(I50>0,I50,H50) | O50: =IF(K50>0,J50/K50,0) | P50: =IF(G50>0,G50,1) | Q50: =IF(AND(H50>0,I50>0),H50/I50,"")
L51: =IF(B51="",0,IFERROR(INDEX(PLANO!$C$6:$N$40,MATCH(B51,PLANO!$B$6:$B$40,0),MATCH(PARAMETROS!$C$3,PLANO!$C$4:$N$4,0)),0)) | N51: =IF(I51>0,I51,H51) | O51: =IF(K51>0,J51/K51,0) | P51: =IF(G51>0,G51,1) | Q51: =IF(AND(H51>0,I51>0),H51/I51,"")
L52: =IF(B52="",0,IFERROR(INDEX(PLANO!$C$6:$N$40,MATCH(B52,PLANO!$B$6:$B$40,0),MATCH(PARAMETROS!$C$3,PLANO!$C$4:$N$4,0)),0)) | N52: =IF(I52>0,I52,H52) | O52: =IF(K52>0,J52/K52,0) | P52: =IF(G52>0,G52,1) | Q52: =IF(AND(H52>0,I52>0),H52/I52,"")
L53: =IF(B53="",0,IFERROR(INDEX(PLANO!$C$6:$N$40,MATCH(B53,PLANO!$B$6:$B$40,0),MATCH(PARAMETROS!$C$3,PLANO!$C$4:$N$4,0)),0)) | N53: =IF(I53>0,I53,H53) | O53: =IF(K53>0,J53/K53,0) | P53: =IF(G53>0,G53,1) | Q53: =IF(AND(H53>0,I53>0),H53/I53,"")
L54: =IF(B54="",0,IFERROR(INDEX(PLANO!$C$6:$N$40,MATCH(B54,PLANO!$B$6:$B$40,0),MATCH(PARAMETROS!$C$3,PLANO!$C$4:$N$4,0)),0)) | N54: =IF(I54>0,I54,H54) | O54: =IF(K54>0,J54/K54,0) | P54: =IF(G54>0,G54,1) | Q54: =IF(AND(H54>0,I54>0),H54/I54,"")
L55: =IF(B55="",0,IFERROR(INDEX(PLANO!$C$6:$N$40,MATCH(B55,PLANO!$B$6:$B$40,0),MATCH(PARAMETROS!$C$3,PLANO!$C$4:$N$4,0)),0)) | N55: =IF(I55>0,I55,H55) | O55: =IF(K55>0,J55/K55,0) | P55: =IF(G55>0,G55,1) | Q55: =IF(AND(H55>0,I55>0),H55/I55,"")
L56: =IF(B56="",0,IFERROR(INDEX(PLANO!$C$6:$N$40,MATCH(B56,PLANO!$B$6:$B$40,0),MATCH(PARAMETROS!$C$3,PLANO!$C$4:$N$4,0)),0)) | N56: =IF(I56>0,I56,H56) | O56: =IF(K56>0,J56/K56,0) | P56: =IF(G56>0,G56,1) | Q56: =IF(AND(H56>0,I56>0),H56/I56,"")
L57: =IF(B57="",0,IFERROR(INDEX(PLANO!$C$6:$N$40,MATCH(B57,PLANO!$B$6:$B$40,0),MATCH(PARAMETROS!$C$3,PLANO!$C$4:$N$4,0)),0)) | N57: =IF(I57>0,I57,H57) | O57: =IF(K57>0,J57/K57,0) | P57: =IF(G57>0,G57,1) | Q57: =IF(AND(H57>0,I57>0),H57/I57,"")
L58: =IF(B58="",0,IFERROR(INDEX(PLANO!$C$6:$N$40,MATCH(B58,PLANO!$B$6:$B$40,0),MATCH(PARAMETROS!$C$3,PLANO!$C$4:$N$4,0)),0)) | N58: =IF(I58>0,I58,H58) | O58: =IF(K58>0,J58/K58,0) | P58: =IF(G58>0,G58,1) | Q58: =IF(AND(H58>0,I58>0),H58/I58,"")
L59: =IF(B59="",0,IFERROR(INDEX(PLANO!$C$6:$N$40,MATCH(B59,PLANO!$B$6:$B$40,0),MATCH(PARAMETROS!$C$3,PLANO!$C$4:$N$4,0)),0)) | N59: =IF(I59>0,I59,H59) | O59: =IF(K59>0,J59/K59,0) | P59: =IF(G59>0,G59,1) | Q59: =IF(AND(H59>0,I59>0),H59/I59,"")
... L205: =IF(B205="",0,IFERROR(INDEX(PLANO!$C$6:$N$40,MATCH(B205,PLANO!$B$6:$B$40,0),MATCH(PARAMETROS!$C$3,PLANO!$C$4:$N$4,0)),0)) | N205: =IF(I205>0,I205,H205) | O205: =IF(K205>0,J205/K205,0) | P205: =IF(G205>0,G205,1) | Q205: =IF(AND(H205>0,I205>0),H205/I205,"")

Sheet PARAMETROS
A1: PARÂMETROS GERAIS
A2: Amarelo = editável (azul). Valores marcados PROVISÓRIO são premissas a confirmar com a Engenharia/PCP.
B3: Mês do plano de produção | C3: out/26
B4: Dias úteis no mês (vem da aba PLANO) | C4: =INDEX(PLANO!C5:N5,MATCH(C3,PLANO!C4:N4,0)) | D4: origem: 1.Available (arquivo Gilmar)
B5: Dias trabalhados na semana | C5: 5 | D5: PROVISÓRIO
B6: Limite ATENÇÃO (amarelo) — utilização ≥ | C6: 0.85 | D6: configurável
B7: Limite INSUFICIENTE (vermelho) — utilização ≥ | C7: 1 | D7: configurável
B8: Base do Sogyodo (Nominal / Efetiva) | C8: Nominal | D8: PREMISSA: Sogyodo = carga ÷ capacidade (confirmar definição da empresa)
B9: Cenário em análise (índice) | C9: =MATCH(DASHBOARD!C3,C17:F17,0)
B10: Turno | C10: Início | D10: Término | E10: Pausas (min) | F10: Horas líquidas
B11: Turno A | C11: 0.3125 | D11: 0.71388889 | E11: 60 | F11: =MOD(D11-C11,1)*24-E11/60 | G11: A/B: jornada ponderada seg-qui+sex do arquivo (8,63h e 7,95h líq.). C: 8h do arquivo, horário a confirmar
B12: Turno B | C12: 0.86111111 | D12: 0.23402778 | E12: 60 | F12: =MOD(D12-C12,1)*24-E12/60
B13: Turno C | C13: 0.91666667 | D13: 0.25 | E13: 0 | F13: =MOD(D13-C13,1)*24-E13/60
B15: CENÁRIOS (colunas C–E editáveis; F = Simulação livre, vem da aba SIMULADOR)
B17: Parâmetro | C17: Atual | D17: Ajustado | E17: Otimizado | F17: Simulação
B18: Turno A ativo (1/0) | C18: 1 | D18: 1 | E18: 1 | F18: =SIMULADOR!C7
B19: Turno B ativo (1/0) | C19: 0 | D19: 1 | E19: 1 | F19: =SIMULADOR!C8
B20: Turno C ativo (1/0) | C20: 0 | D20: 0 | E20: 0 | F20: =SIMULADOR!C9
B21: Horas extras por turno/dia (h) | C21: 0 | D21: 0 | E21: 0.8 | F21: =SIMULADOR!C10
B22: Dias com HE no mês | C22: 0 | D22: 0 | E22: =C4 | F22: =SIMULADOR!C11
B23: Eficiência operacional | C23: 0.845969 | D23: 0.845969 | E23: 0.845969 | F23: =SIMULADOR!C12 | G23: Arquivo: eficiência=performance 84,6%, disponibilidade=frequência 95,5%. Fator tempo 0,9 = multiplicador do Load Time.
B24: Disponibilidade | C24: 0.955 | D24: 0.955 | E24: 0.955 | F24: =SIMULADOR!C13
B25: Fator de demanda (1,20 = +20%) | C25: 1 | D25: 1 | E25: 1 | F25: =SIMULADOR!C14
B26: Fator de tempo (0,90 = -10%) | C26: 0.9 | D26: 0.9 | E26: 0.9 | F26: =SIMULADOR!C15
B27: Base de tempo (Padrão/Real) | C27: Padrão | D27: Padrão | E27: Padrão | F27: =SIMULADOR!C16
B28: Horas efetivas por funcionário/mês (calc) | C28: =$C$4*(C18*$F$11+C19*$F$12+C20*$F$13)*C23*C24 | D28: =$C$4*(D18*$F$11+D19*$F$12+D20*$F$13)*D23*D24 | E28: =$C$4*(E18*$F$11+E19*$F$12+E20*$F$13)*E23*E24 | F28: =$C$4*(F18*$F$11+F19*$F$12+F20*$F$13)*F23*F24
B31: Máquinas de usinagem | C31: Observação
B32: UMC01
B33: UMC02
B34: NCBZ
B35: HMC-16
B39: Famílias
B40: HE/PC
B41: WL/WA
B42: CT
B43: MG
B44: Eficiência por processo = Tempo padrão ÷ Tempo real (aba TEMPOS). Setup entra na carga como min/lote ÷ lote.

Sheet DIAGNOSTICO
A1: DIAGNÓSTICO E LÓGICA DE CÁLCULO
A3: STATUS DOS ARQUIVOS DE ORIGEM
A4: Arquivo analisado | B4: capacidade_usinagem.xlsx (Gilmar): 21 abas, 9 ocultas. Carregado: plano 12 meses por modelo (3. Production Plan), dias úteis e jornada (1.Available), tempos de usinagem UMC01/UMC02/NCBZ/HMC-16 (4.Load Time).
A5: Conferência (mês out/26) | B5: Carga calculada = original: UMC01 308,56 h, UMC02 268,86 h, NCBZ 95,07 h, HMC-16 245,12 h. Capacidade 1 turno = 146,47 h (igual). 2 turnos = 281,35 h vs 281,24 h do original (diferença 0,04%: o original usa média ponderada seg-qui/sex do 2º turno; aqui pausa fixa de 60 min).
A6: Resultado do plano atual | B6: Com 1 turno, UMC01 (211%), UMC02 (184%) e HMC-16 (167%) não atendem; NCBZ atende (65%). Com 2 turnos, UMC01 ainda fica em 110%; UMC02 96% e HMC-16 87% ficam em atenção.
A7: Erros no original | B7: ~5.600 células com erro (#REF!, #N/A, #DIV/0!, #VALUE!), concentradas nas abas ocultas 4.Load Time (Real/Padrão) e 9.Machine Load Time. Em 4.Load Time: Workload (E9) = SUM(...,#REF!) e Sogyodo (E12) quebrados; Sogyodo real 0,98 e 0,58 digitados à mão; PITCH-TIME (HE) = #DIV/0!.
A8: Inconsistências | B8: (1) Fator 0,9 fixo dentro das fórmulas de Time per Model (agora parâmetro 'Fator de tempo'); (2) capacidade de máquina usa frequência e performance de funcionário (95,5% × 84,6%), sem considerar PM, setup ou tyorei da aba 8.Machine Available time; (3) nomes de modelos divergem entre abas (PC200 × PC200-8 × PC200-10M0), gerando #N/A em RESPOSIÇÃO e impedindo ligar a aba 9 ao plano.
A9: Pendências de dados | B9: (1) 377 combinações peça×modelo da aba 4.Load Time sem tempo de usinagem (peças como U-Frame, Garfo, Canhão, Mancal, Haste, Bracket, Frame): só 42 linhas têm tempo; (2) setup, lote e tempo real não constam; (3) a aba 9 (tempos por jig/serra da Caldeiraria) não foi carregada por conflito de nomes de modelo; (4) funcionários por célula (usar MAO_OBRA) — a aba CALDEIRARIA do arquivo é lista nominal e não foi copiada por conter dados pessoais.
A10: Sogyodo | B10: Definição adotada: carga ÷ capacidade (nominal por padrão; alternar em PARAMETROS C8). Confirmar a fórmula usada pela Komatsu.
A11: Premissas HE | B11: Cenário Otimizado usa 0,8 h/dia de HE por turno (J22 do original) — o original soma HE sem aplicar eficiência; aqui aplica.
A12: LÓGICA IMPLEMENTADA
A13: Horas líquidas do turno | B13: MOD(término − início, 1)×24 − pausas/60 (aceita turno C que cruza meia-noite).
A14: Capacidade nominal (h-homem) | B14: Dias úteis × Σ(funcionários do turno × turno ativo × horas líquidas do turno).
A15: Capacidade efetiva | B15: Nominal × eficiência × disponibilidade do cenário.
A16: Capacidade com HE | B16: Dias com HE × horas extras por turno × funcionários ativos × eficiência × disponibilidade (informada à parte, não soma na efetiva).
A17: Carga célula (h-homem) | B17: Fator demanda ÷ 60 × Σ[demanda × operadores × (tempo × fator tempo + setup÷lote)].
A18: Carga máquina (h-máquina) | B18: Mesma lógica sem operadores. Horas-homem e horas-máquina nunca são somadas entre si.
A19: Utilização / Ociosidade / Déficit | B19: Carga ÷ cap. efetiva; ociosidade = MAX(0, saldo); déficit = MAX(0, −saldo).
A20: Func. adicionais | B20: Déficit ÷ horas efetivas por funcionário no mês (PARAMETROS linha 28).
A21: Gargalo do fluxo | B21: Processos em sequência NÃO são somados: o limitante da peça/modelo é o recurso de maior utilização (DEMANDA_CARGA, coluna Gargalo).
A22: Limitação conhecida | B22: Capacidade por célula assume mão de obra e carga confinadas à própria célula; a redistribuição entre células é feita editando MAO_OBRA.

Sheet INSTRUCOES
A1: INSTRUÇÕES
A3: CÓDIGO DE CORES
A4: Amarelo + texto azul | B4: Entrada editável.
A5: Cinza | B5: Fórmula / dado vinculado. Não editar.
A6: Verde | B6: Resultado calculado.
A7: Salmão | B7: Pendência de dado.
A8: PASSO A PASSO
A9: 1. PARAMETROS | B9: Confirmar dias úteis, turnos, pausas, eficiência, disponibilidade, limites do semáforo, lista de máquinas e famílias.
A10: 2. MAO_OBRA | B10: Cadastrar células e funcionários por turno em Atual, Ajustado e Otimizado (redistribuição = mover números entre células).
A11: 3. BASE | B11: Colar dados reais: uma linha por peça×processo. Preencher célula (caldeiraria) e/ou máquina (usinagem).
A12: 4. DASHBOARD | B12: Escolher cenário (C3) e família (C4). Tudo recalcula sozinho.
A13: 5. SIMULADOR | B13: Mudar célula, ±funcionários, turnos, HE, eficiência, fator de demanda (1,2 = +20%) e fator de tempo. Ver impacto imediato.
A14: 6. COMPARATIVO | B14: Ver os 4 cenários lado a lado.
A15: INTERPRETAÇÃO
A16: Verde | B16: Utilização abaixo do limite de atenção (PARAMETROS C6).
A17: Amarelo | B17: Entre C6 e C7: próximo do limite.
A18: Vermelho | B18: ≥ C7: capacidade insuficiente.
A19: Filtros | B19: Use as setas de filtro nas abas BASE, CAP_CELULA, TEMPOS e DEMANDA_CARGA (família, modelo, célula, máquina). Turno: cenário/colunas de MAO_OBRA.
A20: Expansão | B20: Até 15 células, 6 máquinas e 200 linhas na BASE. Para mais, estender intervalos.
